plate_uid,proper_name,screw_sizes,size_range,drawer,drawer_sizes,drawer_size_detail,drawer_count,available_units,total_units,availability,range_status,out_case_details,drawer_out_case_details
ADT,Anterior Distal Tibia Plates,"2.7mm, 3.5mm",STANDARD,D4,"3H, 5H","[{""label"": ""3H"", ""size_range"": ""STANDARD"", ""no_stock"": false}, {""label"": ""5H"", ""size_range"": ""STANDARD"", ""no_stock"": false}]",2,1,1,1/1,READY,[],[]
APP,Anterior Patella Plates,2.7mm,STANDARD,D4,3H,"[{""label"": ""3H"", ""size_range"": ""STANDARD"", ""no_stock"": false}]",1,1,1,1/1,READY,[],[]
APP,Anterior Patella Plates,2.7mm,SMALL,D4,3H,"[{""label"": ""3H"", ""size_range"": ""SMALL"", ""no_stock"": false}]",1,1,1,1/1,READY,[],[]
CCOMBO,VA 3.5mm Calcaneal Plates II (Combo),3.5mm,STANDARD,D1,"5H L, 8H L, 8H R, 5H R","[{""label"": ""5H L"", ""size_range"": ""STANDARD"", ""no_stock"": false}, {""label"": ""8H L"", ""size_range"": ""STANDARD"", ""no_stock"": false}, {""label"": ""8H R"", ""size_range"": ""STANDARD"", ""no_stock"": false}, {""label"": ""5H R"", ""size_range"": ""STANDARD"", ""no_stock"": false}]",4,1,1,1/1,READY,[],[]
CHOOK,VA 3.5mm Clavicle Hook Plates,3.5mm,STANDARD,D2,"5H, 15MM L, 5H 18MM L, 5H, 15MM R, 5H 18MM R","[{""label"": ""5H, 15MM L"", ""size_range"": ""STANDARD"", ""no_stock"": false}, {""label"": ""5H 18MM L"", ""size_range"": ""STANDARD"", ""no_stock"": false}, {""label"": ""5H, 15MM R"", ""size_range"": ""STANDARD"", ""no_stock"": false}, {""label"": ""5H 18MM R"", ""size_range"": ""STANDARD"", ""no_stock"": false}]",4,2,2,2/2,READY,[],[]
CHOOK,VA 3.5mm Clavicle Hook Plates,3.5mm,STANDARD,D3,"5H, 15MM L, 5H 18MM L, 6H 15MM L, 6H 18MM L, 7H 15MM L, 7H 18MM L, 7H 15MM R, 7H 18MM R, 6H 15MM R, 6H 18MM R, 5H, 15MM R, 5H 18MM R","[{""label"": ""5H, 15MM L"", ""size_range"": ""STANDARD"", ""no_stock"": false}, {""label"": ""5H 18MM L"", ""size_range"": ""STANDARD"", ""no_stock"": false}, {""label"": ""6H 15MM L"", ""size_range"": ""STANDARD"", ""no_stock"": false}, {""label"": ""6H 18MM L"", ""size_range"": ""STANDARD"", ""no_stock"": false}, {""label"": ""7H 15MM L"", ""size_range"": ""STANDARD"", ""no_stock"": false}, {""label"": ""7H 18MM L"", ""size_range"": ""STANDARD"", ""no_stock"": false}, {""label"": ""7H 15MM R"", ""size_range"": ""STANDARD"", ""no_stock"": false}, {""label"": ""7H 18MM R"", ""size_range"": ""STANDARD"", ""no_stock"": false}, {""label"": ""6H 15MM R"", ""size_range"": ""STANDARD"", ""no_stock"": false}, {""label"": ""6H 18MM R"", ""size_range"": ""STANDARD"", ""no_stock"": false}, {""label"": ""5H, 15MM R"", ""size_range"": ""STANDARD"", ""no_stock"": false}, {""label"": ""5H 18MM R"", ""size_range"": ""STANDARD"", ""no_stock"": false}]",12,2,2,2/2,READY,[],[]
CMESH,VA 3.5mm Calcaneal Plates (Mesh),3.5mm,STANDARD,D1,"51 L, 60 L, 68 L, 68 R, 60 R, 51 R","[{""label"": ""51 L"", ""size_range"": ""STANDARD"", ""no_stock"": false}, {""label"": ""60 L"", ""size_range"": ""STANDARD"", ""no_stock"": false}, {""label"": ""68 L"", ""size_range"": ""STANDARD"", ""no_stock"": false}, {""label"": ""68 R"", ""size_range"": ""STANDARD"", ""no_stock"": false}, {""label"": ""60 R"", ""size_range"": ""STANDARD"", ""no_stock"": false}, {""label"": ""51 R"", ""size_range"": ""STANDARD"", ""no_stock"": false}]",6,1,1,1/1,READY,[],[]
DFIBII,VA 2.7/3.5mm Distal Lateral Fibular Plates II,"2.7mm, 3.5mm",STANDARD,D1,"3H L, 5H L, 7H L, 7H R, 5H R, 3H R","[{""label"": ""3H L"", ""size_range"": ""STANDARD"", ""no_stock"": false}, {""label"": ""5H L"", ""size_range"": ""STANDARD"", ""no_stock"": false}, {""label"": ""7H L"", ""size_range"": ""STANDARD"", ""no_stock"": false}, {""label"": ""7H R"", ""size_range"": ""STANDARD"", ""no_stock"": false}, {""label"": ""5H R"", ""size_range"": ""STANDARD"", ""no_stock"": false}, {""label"": ""3H R"", ""size_range"": ""STANDARD"", ""no_stock"": false}]",6,1,3,1/3,PARTIAL,"[{""case_id"": ""C009"", ""hospital"": ""PPUM"", ""delivery_date"": ""02/05/2026"", ""surgery_date"": """", ""raw_plate_token"": ""DFIBII"", ""case_status"": """", ""requested_drawer"": null, ""from_stock"": false}, {""case_id"": ""C031"", ""hospital"": ""QUEENELIZABETHHOSPITAL,KOTAKINABALU"", ""delivery_date"": ""16/04/2026"", ""surgery_date"": """", ""raw_plate_token"": ""DFIBII"", ""case_status"": """", ""requested_drawer"": null, ""from_stock"": false}]","[{""case_id"": ""C009"", ""hospital"": ""PPUM"", ""delivery_date"": ""02/05/2026"", ""surgery_date"": """", ""raw_plate_token"": ""DFIBII"", ""case_status"": """", ""requested_drawer"": null, ""from_stock"": false}]"
DFIBII,VA 2.7/3.5mm Distal Lateral Fibular Plates II,"2.7mm, 3.5mm",STANDARD,D2,"3H L, 5H L, 7H L, 7H R, 5H R, 3H R","[{""label"": ""3H L"", ""size_range"": ""STANDARD"", ""no_stock"": false}, {""label"": ""5H L"", ""size_range"": ""STANDARD"", ""no_stock"": false}, {""label"": ""7H L"", ""size_range"": ""STANDARD"", ""no_stock"": false}, {""label"": ""7H R"", ""size_range"": ""STANDARD"", ""no_stock"": false}, {""label"": ""5H R"", ""size_range"": ""STANDARD"", ""no_stock"": false}, {""label"": ""3H R"", ""size_range"": ""STANDARD"", ""no_stock"": false}]",6,1,3,1/3,PARTIAL,"[{""case_id"": ""C009"", ""hospital"": ""PPUM"", ""delivery_date"": ""02/05/2026"", ""surgery_date"": """", ""raw_plate_token"": ""DFIBII"", ""case_status"": """", ""requested_drawer"": null, ""from_stock"": false}, {""case_id"": ""C031"", ""hospital"": ""QUEENELIZABETHHOSPITAL,KOTAKINABALU"", ""delivery_date"": ""16/04/2026"", ""surgery_date"": """", ""raw_plate_token"": ""DFIBII"", ""case_status"": """", ""requested_drawer"": null, ""from_stock"": false}]","[{""case_id"": ""C031"", ""hospital"": ""QUEENELIZABETHHOSPITAL,KOTAKINABALU"", ""delivery_date"": ""16/04/2026"", ""surgery_date"": """", ""raw_plate_token"": ""DFIBII"", ""case_status"": """", ""requested_drawer"": null, ""from_stock"": false}]"
DFIBII,VA 2.7/3.5mm Distal Lateral Fibular Plates II,"2.7mm, 3.5mm",STANDARD,D3,"3H L, 5H L, 7H L, 7H R, 5H R, 3H R","[{""label"": ""3H L"", ""size_range"": ""STANDARD"", ""no_stock"": false}, {""label"": ""5H L"", ""size_range"": ""STANDARD"", ""no_stock"": false}, {""label"": ""7H L"", ""size_range"": ""STANDARD"", ""no_stock"": false}, {""label"": ""7H R"", ""size_range"": ""STANDARD"", ""no_stock"": false}, {""label"": ""5H R"", ""size_range"": ""STANDARD"", ""no_stock"": false}, {""label"": ""3H R"", ""size_range"": ""STANDARD"", ""no_stock"": false}]",6,1,3,1/3,PARTIAL,"[{""case_id"": ""C009"", ""hospital"": ""PPUM"", ""delivery_date"": ""02/05/2026"", ""surgery_date"": """", ""raw_plate_token"": ""DFIBII"", ""case_status"": """", ""requested_drawer"": null, ""from_stock"": false}, {""case_id"": ""C031"", ""hospital"": ""QUEENELIZABETHHOSPITAL,KOTAKINABALU"", ""delivery_date"": ""16/04/2026"", ""surgery_date"": """", ""raw_plate_token"": ""DFIBII"", ""case_status"": """", ""requested_drawer"": null, ""from_stock"": false}]",[]
DFIBII,VA 2.7/3.5mm Distal Lateral Fibular Plates II,"2.7mm, 3.5mm",LONG,D1,"9H L, 9H R","[{""label"": ""9H L"", ""size_range"": ""LONG"", ""no_stock"": false}, {""label"": ""9H R"", ""size_range"": ""LONG"", ""no_stock"": false}]",2,3,3,3/3,READY,[],[]
DFIBII,VA 2.7/3.5mm Distal Lateral Fibular Plates II,"2.7mm, 3.5mm",LONG,D2,"9H L, 9H R","[{""label"": ""9H L"", ""size_range"": ""LONG"", ""no_stock"": true}, {""label"": ""9H R"", ""size_range"": ""LONG"", ""no_stock"": false}]",2,3,3,3/3,READY,[],[]
DFIBII,VA 2.7/3.5mm Distal Lateral Fibular Plates II,"2.7mm, 3.5mm",LONG,D3,"9H L, 9H R","[{""label"": ""9H L"", ""size_range"": ""LONG"", ""no_stock"": false}, {""label"": ""9H R"", ""size_range"": ""LONG"", ""no_stock"": false}]",2,3,3,3/3,READY,[],[]
DFIBIII,VA 2.7/3.5mm Distal Lateral Fibular Plates III,"2.7mm, 3.5mm",STANDARD,D1,"3H L, 4H L, 5H L, 7H L, 7H R, 5H R, 4H R, 3H R","[{""label"": ""3H L"", ""size_range"": ""STANDARD"", ""no_stock"": false}, {""label"": ""4H L"", ""size_range"": ""STANDARD"", ""no_stock"": false}, {""label"": ""5H L"", ""size_range"": ""STANDARD"", ""no_stock"": false}, {""label"": ""7H L"", ""size_range"": ""STANDARD"", ""no_stock"": false}, {""label"": ""7H R"", ""size_range"": ""STANDARD"", ""no_stock"": false}, {""label"": ""5H R"", ""size_range"": ""STANDARD"", ""no_stock"": false}, {""label"": ""4H R"", ""size_range"": ""STANDARD"", ""no_stock"": false}, {""label"": ""3H R"", ""size_range"": ""STANDARD"", ""no_stock"": false}]",8,1,3,1/3,PARTIAL,"[{""case_id"": ""C009"", ""hospital"": ""PPUM"", ""delivery_date"": ""02/05/2026"", ""surgery_date"": """", ""raw_plate_token"": ""DFIBIII"", ""case_status"": """", ""requested_drawer"": null, ""from_stock"": false}, {""case_id"": ""C031"", ""hospital"": ""QUEENELIZABETHHOSPITAL,KOTAKINABALU"", ""delivery_date"": ""16/04/2026"", ""surgery_date"": """", ""raw_plate_token"": ""DFIBIII"", ""case_status"": """", ""requested_drawer"": null, ""from_stock"": false}]","[{""case_id"": ""C009"", ""hospital"": ""PPUM"", ""delivery_date"": ""02/05/2026"", ""surgery_date"": """", ""raw_plate_token"": ""DFIBIII"", ""case_status"": """", ""requested_drawer"": null, ""from_stock"": false}]"
DFIBIII,VA 2.7/3.5mm Distal Lateral Fibular Plates III,"2.7mm, 3.5mm",STANDARD,D2,"3H L, 4H L, 5H L, 7H L, 7H R, 5H R, 4H R, 3H R","[{""label"": ""3H L"", ""size_range"": ""STANDARD"", ""no_stock"": false}, {""label"": ""4H L"", ""size_range"": ""STANDARD"", ""no_stock"": false}, {""label"": ""5H L"", ""size_range"": ""STANDARD"", ""no_stock"": false}, {""label"": ""7H L"", ""size_range"": ""STANDARD"", ""no_stock"": false}, {""label"": ""7H R"", ""size_range"": ""STANDARD"", ""no_stock"": false}, {""label"": ""5H R"", ""size_range"": ""STANDARD"", ""no_stock"": false}, {""label"": ""4H R"", ""size_range"": ""STANDARD"", ""no_stock"": false}, {""label"": ""3H R"", ""size_range"": ""STANDARD"", ""no_stock"": false}]",8,1,3,1/3,PARTIAL,"[{""case_id"": ""C009"", ""hospital"": ""PPUM"", ""delivery_date"": ""02/05/2026"", ""surgery_date"": """", ""raw_plate_token"": ""DFIBIII"", ""case_status"": """", ""requested_drawer"": null, ""from_stock"": false}, {""case_id"": ""C031"", ""hospital"": ""QUEENELIZABETHHOSPITAL,KOTAKINABALU"", ""delivery_date"": ""16/04/2026"", ""surgery_date"": """", ""raw_plate_token"": ""DFIBIII"", ""case_status"": """", ""requested_drawer"": null, ""from_stock"": false}]","[{""case_id"": ""C031"", ""hospital"": ""QUEENELIZABETHHOSPITAL,KOTAKINABALU"", ""delivery_date"": ""16/04/2026"", ""surgery_date"": """", ""raw_plate_token"": ""DFIBIII"", ""case_status"": """", ""requested_drawer"": null, ""from_stock"": false}]"
DFIBIII,VA 2.7/3.5mm Distal Lateral Fibular Plates III,"2.7mm, 3.5mm",STANDARD,D3,"3H L, 4H L, 5H L, 7H L, 7H R, 5H R, 4H R, 3H R","[{""label"": ""3H L"", ""size_range"": ""STANDARD"", ""no_stock"": false}, {""label"": ""4H L"", ""size_range"": ""STANDARD"", ""no_stock"": false}, {""label"": ""5H L"", ""size_range"": ""STANDARD"", ""no_stock"": false}, {""label"": ""7H L"", ""size_range"": ""STANDARD"", ""no_stock"": false}, {""label"": ""7H R"", ""size_range"": ""STANDARD"", ""no_stock"": false}, {""label"": ""5H R"", ""size_range"": ""STANDARD"", ""no_stock"": false}, {""label"": ""4H R"", ""size_range"": ""STANDARD"", ""no_stock"": false}, {""label"": ""3H R"", ""size_range"": ""STANDARD"", ""no_stock"": false}]",8,1,3,1/3,PARTIAL,"[{""case_id"": ""C009"", ""hospital"": ""PPUM"", ""delivery_date"": ""02/05/2026"", ""surgery_date"": """", ""raw_plate_token"": ""DFIBIII"", ""case_status"": """", ""requested_drawer"": null, ""from_stock"": false}, {""case_id"": ""C031"", ""hospital"": ""QUEENELIZABETHHOSPITAL,KOTAKINABALU"", ""delivery_date"": ""16/04/2026"", ""surgery_date"": """", ""raw_plate_token"": ""DFIBIII"", ""case_status"": """", ""requested_drawer"": null, ""from_stock"": false}]",[]
DFIBIII,VA 2.7/3.5mm Distal Lateral Fibular Plates III,"2.7mm, 3.5mm",LONG,D1,"8H L, 8H R","[{""label"": ""8H L"", ""size_range"": ""LONG"", ""no_stock"": false}, {""label"": ""8H R"", ""size_range"": ""LONG"", ""no_stock"": false}]",2,3,3,3/3,READY,[],[]
DFIBIII,VA 2.7/3.5mm Distal Lateral Fibular Plates III,"2.7mm, 3.5mm",LONG,D2,"8H L, 8H R","[{""label"": ""8H L"", ""size_range"": ""LONG"", ""no_stock"": false}, {""label"": ""8H R"", ""size_range"": ""LONG"", ""no_stock"": false}]",2,3,3,3/3,READY,[],[]
DFIBIII,VA 2.7/3.5mm Distal Lateral Fibular Plates III,"2.7mm, 3.5mm",LONG,D3,"8H L, 8H R","[{""label"": ""8H L"", ""size_range"": ""LONG"", ""no_stock"": false}, {""label"": ""8H R"", ""size_range"": ""LONG"", ""no_stock"": false}]",2,3,3,3/3,READY,[],[]
DIA,VA 3.5mm Clavicle Diaphysis Plates,3.5mm,STANDARD,D3,"10H L, 9H L, 8H L, 7H L, 6H L, 6H R, 7H R, 8H R, 9H R, 10H R","[{""label"": ""10H L"", ""size_range"": ""STANDARD"", ""no_stock"": false}, {""label"": ""9H L"", ""size_range"": ""STANDARD"", ""no_stock"": false}, {""label"": ""8H L"", ""size_range"": ""STANDARD"", ""no_stock"": false}, {""label"": ""7H L"", ""size_range"": ""STANDARD"", ""no_stock"": false}, {""label"": ""6H L"", ""size_range"": ""STANDARD"", ""no_stock"": false}, {""label"": ""6H R"", ""size_range"": ""STANDARD"", ""no_stock"": false}, {""label"": ""7H R"", ""size_range"": ""STANDARD"", ""no_stock"": false}, {""label"": ""8H R"", ""size_range"": ""STANDARD"", ""no_stock"": false}, {""label"": ""9H R"", ""size_range"": ""STANDARD"", ""no_stock"": false}, {""label"": ""10H R"", ""size_range"": ""STANDARD"", ""no_stock"": false}]",10,0,2,0/2,OUT OF STOCK,"[{""case_id"": ""C004"", ""hospital"": ""COLUMBIAASIAHOSPITALSETAPAK"", ""delivery_date"": ""03/05/2026"", ""surgery_date"": ""03/05/2026"", ""raw_plate_token"": ""DIA"", ""case_status"": """", ""requested_drawer"": null, ""from_stock"": false}, {""case_id"": ""C040"", ""hospital"": """", ""delivery_date"": """", ""surgery_date"": """", ""raw_plate_token"": ""DIA"", ""case_status"": """", ""requested_drawer"": null, ""from_stock"": false}]","[{""case_id"": ""C004"", ""hospital"": ""COLUMBIAASIAHOSPITALSETAPAK"", ""delivery_date"": ""03/05/2026"", ""surgery_date"": ""03/05/2026"", ""raw_plate_token"": ""DIA"", ""case_status"": """", ""requested_drawer"": null, ""from_stock"": false}]"
DIA,VA 3.5mm Clavicle Diaphysis Plates,3.5mm,STANDARD,D4,"10H L, 9H L, 8H L, 7H L, 6H L, 6H R, 7H R, 8H R, 9H R, 10H R","[{""label"": ""10H L"", ""size_range"": ""STANDARD"", ""no_stock"": false}, {""label"": ""9H L"", ""size_range"": ""STANDARD"", ""no_stock"": false}, {""label"": ""8H L"", ""size_range"": ""STANDARD"", ""no_stock"": false}, {""label"": ""7H L"", ""size_range"": ""STANDARD"", ""no_stock"": false}, {""label"": ""6H L"", ""size_range"": ""STANDARD"", ""no_stock"": false}, {""label"": ""6H R"", ""size_range"": ""STANDARD"", ""no_stock"": false}, {""label"": ""7H R"", ""size_range"": ""STANDARD"", ""no_stock"": false}, {""label"": ""8H R"", ""size_range"": ""STANDARD"", ""no_stock"": false}, {""label"": ""9H R"", ""size_range"": ""STANDARD"", ""no_stock"": false}, {""label"": ""10H R"", ""size_range"": ""STANDARD"", ""no_stock"": false}]",10,0,2,0/2,OUT OF STOCK,"[{""case_id"": ""C004"", ""hospital"": ""COLUMBIAASIAHOSPITALSETAPAK"", ""delivery_date"": ""03/05/2026"", ""surgery_date"": ""03/05/2026"", ""raw_plate_token"": ""DIA"", ""case_status"": """", ""requested_drawer"": null, ""from_stock"": false}, {""case_id"": ""C040"", ""hospital"": """", ""delivery_date"": """", ""surgery_date"": """", ""raw_plate_token"": ""DIA"", ""case_status"": """", ""requested_drawer"": null, ""from_stock"": false}]","[{""case_id"": ""C040"", ""hospital"": """", ""delivery_date"": """", ""surgery_date"": """", ""raw_plate_token"": ""DIA"", ""case_status"": """", ""requested_drawer"": null, ""from_stock"": false}]"
DLF,VA 4.5/5.0mm Distal Lateral Femur Plates,"4.5mm, 5.0mm",STANDARD,D5,"6H L, 8H L, 10H L, 12H L, 14H L, 14H R, 12H R, 10H R, 8H R, 6H R","[{""label"": ""6H L"", ""size_range"": ""STANDARD"", ""no_stock"": false}, {""label"": ""8H L"", ""size_range"": ""STANDARD"", ""no_stock"": false}, {""label"": ""10H L"", ""size_range"": ""STANDARD"", ""no_stock"": false}, {""label"": ""12H L"", ""size_range"": ""STANDARD"", ""no_stock"": false}, {""label"": ""14H L"", ""size_range"": ""STANDARD"", ""no_stock"": false}, {""label"": ""14H R"", ""size_range"": ""STANDARD"", ""no_stock"": false}, {""label"": ""12H R"", ""size_range"": ""STANDARD"", ""no_stock"": false}, {""label"": ""10H R"", ""size_range"": ""STANDARD"", ""no_stock"": false}, {""label"": ""8H R"", ""size_range"": ""STANDARD"", ""no_stock"": false}, {""label"": ""6H R"", ""size_range"": ""STANDARD"", ""no_stock"": false}]",10,0,2,0/2,OUT OF STOCK,"[{""case_id"": ""C005"", ""hospital"": ""HTAR"", ""delivery_date"": ""03/05/2026"", ""surgery_date"": """", ""raw_plate_token"": ""DLF"", ""case_status"": """", ""requested_drawer"": null, ""from_stock"": false}, {""case_id"": ""C007"", ""hospital"": ""SENASPECIALISTHOSPITALSEGAMAT"", ""delivery_date"": ""01/05/2026"", ""surgery_date"": ""02/05/2026"", ""raw_plate_token"": ""DLF"", ""case_status"": """", ""requested_drawer"": null, ""from_stock"": false}, {""case_id"": ""C022"", ""hospital"": ""HTJ"", ""delivery_date"": ""28/04/2026"", ""surgery_date"": """", ""raw_plate_token"": ""DLF"", ""case_status"": """", ""requested_drawer"": null, ""from_stock"": true}, {""case_id"": ""C029"", ""hospital"": ""HOSHAS"", ""delivery_date"": ""25/04/2026"", ""surgery_date"": ""08/05/2026"", ""raw_plate_token"": ""DLF"", ""case_status"": """", ""requested_drawer"": null, ""from_stock"": true}]","[{""case_id"": ""C005"", ""hospital"": ""HTAR"", ""delivery_date"": ""03/05/2026"", ""surgery_date"": """", ""raw_plate_token"": ""DLF"", ""case_status"": """", ""requested_drawer"": null, ""from_stock"": false}]"
DLF,VA 4.5/5.0mm Distal Lateral Femur Plates,"4.5mm, 5.0mm",STANDARD,D6,"6H L, 8H L, 10H L, 12H L, 14H L, 14H R, 12H R, 10H R, 8H R, 6H R","[{""label"": ""6H L"", ""size_range"": ""STANDARD"", ""no_stock"": false}, {""label"": ""8H L"", ""size_range"": ""STANDARD"", ""no_stock"": false}, {""label"": ""10H L"", ""size_range"": ""STANDARD"", ""no_stock"": false}, {""label"": ""12H L"", ""size_range"": ""STANDARD"", ""no_stock"": false}, {""label"": ""14H L"", ""size_range"": ""STANDARD"", ""no_stock"": false}, {""label"": ""14H R"", ""size_range"": ""STANDARD"", ""no_stock"": false}, {""label"": ""12H R"", ""size_range"": ""STANDARD"", ""no_stock"": false}, {""label"": ""10H R"", ""size_range"": ""STANDARD"", ""no_stock"": false}, {""label"": ""8H R"", ""size_range"": ""STANDARD"", ""no_stock"": false}, {""label"": ""6H R"", ""size_range"": ""STANDARD"", ""no_stock"": false}]",10,0,2,0/2,OUT OF STOCK,"[{""case_id"": ""C005"", ""hospital"": ""HTAR"", ""delivery_date"": ""03/05/2026"", ""surgery_date"": """", ""raw_plate_token"": ""DLF"", ""case_status"": """", ""requested_drawer"": null, ""from_stock"": false}, {""case_id"": ""C007"", ""hospital"": ""SENASPECIALISTHOSPITALSEGAMAT"", ""delivery_date"": ""01/05/2026"", ""surgery_date"": ""02/05/2026"", ""raw_plate_token"": ""DLF"", ""case_status"": """", ""requested_drawer"": null, ""from_stock"": false}, {""case_id"": ""C022"", ""hospital"": ""HTJ"", ""delivery_date"": ""28/04/2026"", ""surgery_date"": """", ""raw_plate_token"": ""DLF"", ""case_status"": """", ""requested_drawer"": null, ""from_stock"": true}, {""case_id"": ""C029"", ""hospital"": ""HOSHAS"", ""delivery_date"": ""25/04/2026"", ""surgery_date"": ""08/05/2026"", ""raw_plate_token"": ""DLF"", ""case_status"": """", ""requested_drawer"": null, ""from_stock"": true}]","[{""case_id"": ""C007"", ""hospital"": ""SENASPECIALISTHOSPITALSEGAMAT"", ""delivery_date"": ""01/05/2026"", ""surgery_date"": ""02/05/2026"", ""raw_plate_token"": ""DLF"", ""case_status"": """", ""requested_drawer"": null, ""from_stock"": false}]"
DLF,VA 4.5/5.0mm Distal Lateral Femur Plates,"4.5mm, 5.0mm",STANDARD,STOCK,,[],0,0,2,0/2,OUT OF STOCK,"[{""case_id"": ""C005"", ""hospital"": ""HTAR"", ""delivery_date"": ""03/05/2026"", ""surgery_date"": """", ""raw_plate_token"": ""DLF"", ""case_status"": """", ""requested_drawer"": null, ""from_stock"": false}, {""case_id"": ""C007"", ""hospital"": ""SENASPECIALISTHOSPITALSEGAMAT"", ""delivery_date"": ""01/05/2026"", ""surgery_date"": ""02/05/2026"", ""raw_plate_token"": ""DLF"", ""case_status"": """", ""requested_drawer"": null, ""from_stock"": false}, {""case_id"": ""C022"", ""hospital"": ""HTJ"", ""delivery_date"": ""28/04/2026"", ""surgery_date"": """", ""raw_plate_token"": ""DLF"", ""case_status"": """", ""requested_drawer"": null, ""from_stock"": true}, {""case_id"": ""C029"", ""hospital"": ""HOSHAS"", ""delivery_date"": ""25/04/2026"", ""surgery_date"": ""08/05/2026"", ""raw_plate_token"": ""DLF"", ""case_status"": """", ""requested_drawer"": null, ""from_stock"": true}]","[{""case_id"": ""C022"", ""hospital"": ""HTJ"", ""delivery_date"": ""28/04/2026"", ""surgery_date"": """", ""raw_plate_token"": ""DLF"", ""case_status"": """", ""requested_drawer"": null, ""from_stock"": true}, {""case_id"": ""C029"", ""hospital"": ""HOSHAS"", ""delivery_date"": ""25/04/2026"", ""surgery_date"": ""08/05/2026"", ""raw_plate_token"": ""DLF"", ""case_status"": """", ""requested_drawer"": null, ""from_stock"": true}]"
DLHI,VA 2.7/3.5mm Distal Lateral Humeral Plates I,"2.7mm, 3.5mm",STANDARD,D3,"6H L, 8H L, 10H L, 10H R, 8H R, 6H R","[{""label"": ""6H L"", ""size_range"": ""STANDARD"", ""no_stock"": false}, {""label"": ""8H L"", ""size_range"": ""STANDARD"", ""no_stock"": false}, {""label"": ""10H L"", ""size_range"": ""STANDARD"", ""no_stock"": false}, {""label"": ""10H R"", ""size_range"": ""STANDARD"", ""no_stock"": false}, {""label"": ""8H R"", ""size_range"": ""STANDARD"", ""no_stock"": false}, {""label"": ""6H R"", ""size_range"": ""STANDARD"", ""no_stock"": false}]",6,1,2,1/2,PARTIAL,"[{""case_id"": ""C037"", ""hospital"": ""BANTINGHOSPITAL"", ""delivery_date"": ""29/04/2026"", ""surgery_date"": """", ""raw_plate_token"": ""DLHI"", ""case_status"": """", ""requested_drawer"": null, ""from_stock"": false}]","[{""case_id"": ""C037"", ""hospital"": ""BANTINGHOSPITAL"", ""delivery_date"": ""29/04/2026"", ""surgery_date"": """", ""raw_plate_token"": ""DLHI"", ""case_status"": """", ""requested_drawer"": null, ""from_stock"": false}]"
DLHI,VA 2.7/3.5mm Distal Lateral Humeral Plates I,"2.7mm, 3.5mm",STANDARD,D4,"6H L, 8H L, 10H L, 10H R, 8H R, 6H R","[{""label"": ""6H L"", ""size_range"": ""STANDARD"", ""no_stock"": false}, {""label"": ""8H L"", ""size_range"": ""STANDARD"", ""no_stock"": false}, {""label"": ""10H L"", ""size_range"": ""STANDARD"", ""no_stock"": false}, {""label"": ""10H R"", ""size_range"": ""STANDARD"", ""no_stock"": false}, {""label"": ""8H R"", ""size_range"": ""STANDARD"", ""no_stock"": false}, {""label"": ""6H R"", ""size_range"": ""STANDARD"", ""no_stock"": false}]",6,1,2,1/2,PARTIAL,"[{""case_id"": ""C037"", ""hospital"": ""BANTINGHOSPITAL"", ""delivery_date"": ""29/04/2026"", ""surgery_date"": """", ""raw_plate_token"": ""DLHI"", ""case_status"": """", ""requested_drawer"": null, ""from_stock"": false}]",[]
DLHII,VA 2.7/3.5mm Distal Lateral Humeral Plates II,"2.7mm, 3.5mm",STANDARD,D4,"4H L, 6H L, 8H L, 8H R, 6H R, 4H R","[{""label"": ""4H L"", ""size_range"": ""STANDARD"", ""no_stock"": false}, {""label"": ""6H L"", ""size_range"": ""STANDARD"", ""no_stock"": false}, {""label"": ""8H L"", ""size_range"": ""STANDARD"", ""no_stock"": false}, {""label"": ""8H R"", ""size_range"": ""STANDARD"", ""no_stock"": false}, {""label"": ""6H R"", ""size_range"": ""STANDARD"", ""no_stock"": false}, {""label"": ""4H R"", ""size_range"": ""STANDARD"", ""no_stock"": false}]",6,0,1,0/1,OUT OF STOCK,"[{""case_id"": ""C037"", ""hospital"": ""BANTINGHOSPITAL"", ""delivery_date"": ""29/04/2026"", ""surgery_date"": """", ""raw_plate_token"": ""DLHII"", ""case_status"": """", ""requested_drawer"": null, ""from_stock"": false}]","[{""case_id"": ""C037"", ""hospital"": ""BANTINGHOSPITAL"", ""delivery_date"": ""29/04/2026"", ""surgery_date"": """", ""raw_plate_token"": ""DLHII"", ""case_status"": """", ""requested_drawer"": null, ""from_stock"": false}]"
DLT,VA 3.5mm Distal Lateral Tibia Plates,3.5mm,STANDARD,D1,"6H L, 8H L, 10H L, 12H L, 14H L, 14H R, 12H R, 10H R, 8H R, 6H R","[{""label"": ""6H L"", ""size_range"": ""STANDARD"", ""no_stock"": false}, {""label"": ""8H L"", ""size_range"": ""STANDARD"", ""no_stock"": false}, {""label"": ""10H L"", ""size_range"": ""STANDARD"", ""no_stock"": false}, {""label"": ""12H L"", ""size_range"": ""STANDARD"", ""no_stock"": false}, {""label"": ""14H L"", ""size_range"": ""STANDARD"", ""no_stock"": false}, {""label"": ""14H R"", ""size_range"": ""STANDARD"", ""no_stock"": false}, {""label"": ""12H R"", ""size_range"": ""STANDARD"", ""no_stock"": false}, {""label"": ""10H R"", ""size_range"": ""STANDARD"", ""no_stock"": false}, {""label"": ""8H R"", ""size_range"": ""STANDARD"", ""no_stock"": false}, {""label"": ""6H R"", ""size_range"": ""STANDARD"", ""no_stock"": false}]",10,2,2,2/2,READY,[],[]
DLT,VA 3.5mm Distal Lateral Tibia Plates,3.5mm,STANDARD,D2,"6H L, 8H L, 10H L, 12H L, 14H L, 14H R, 12H R, 10H R, 8H R, 6H R","[{""label"": ""6H L"", ""size_range"": ""STANDARD"", ""no_stock"": false}, {""label"": ""8H L"", ""size_range"": ""STANDARD"", ""no_stock"": false}, {""label"": ""10H L"", ""size_range"": ""STANDARD"", ""no_stock"": false}, {""label"": ""12H L"", ""size_range"": ""STANDARD"", ""no_stock"": false}, {""label"": ""14H L"", ""size_range"": ""STANDARD"", ""no_stock"": false}, {""label"": ""14H R"", ""size_range"": ""STANDARD"", ""no_stock"": false}, {""label"": ""12H R"", ""size_range"": ""STANDARD"", ""no_stock"": false}, {""label"": ""10H R"", ""size_range"": ""STANDARD"", ""no_stock"": false}, {""label"": ""8H R"", ""size_range"": ""STANDARD"", ""no_stock"": false}, {""label"": ""6H R"", ""size_range"": ""STANDARD"", ""no_stock"": false}]",10,2,2,2/2,READY,[],[]
DLT,VA 3.5mm Distal Lateral Tibia Plates,3.5mm,EXTRA LONG,D4,"16H L, 18H L, 20H L, 20 R, 18 R, 16 R","[{""label"": ""16H L"", ""size_range"": ""EXTRA LONG"", ""no_stock"": false}, {""label"": ""18H L"", ""size_range"": ""EXTRA LONG"", ""no_stock"": false}, {""label"": ""20H L"", ""size_range"": ""EXTRA LONG"", ""no_stock"": true}, {""label"": ""20 R"", ""size_range"": ""EXTRA LONG"", ""no_stock"": false}, {""label"": ""18 R"", ""size_range"": ""EXTRA LONG"", ""no_stock"": false}, {""label"": ""16 R"", ""size_range"": ""EXTRA LONG"", ""no_stock"": false}]",6,1,1,1/1,READY,[],[]
DLTII,2.7/3.5 Distal Lateral Tibia Plates,"2.7mm, 3.5mm",STANDARD,D4,"8H L, 10H L, 10H R, 8H R","[{""label"": ""8H L"", ""size_range"": ""STANDARD"", ""no_stock"": false}, {""label"": ""10H L"", ""size_range"": ""STANDARD"", ""no_stock"": false}, {""label"": ""10H R"", ""size_range"": ""STANDARD"", ""no_stock"": false}, {""label"": ""8H R"", ""size_range"": ""STANDARD"", ""no_stock"": true}]",4,0,1,0/1,OUT OF STOCK,"[{""case_id"": ""C016"", ""hospital"": ""HTAR"", ""delivery_date"": ""30/04/2026"", ""surgery_date"": ""02/05/2026"", ""raw_plate_token"": ""DLTII"", ""case_status"": """", ""requested_drawer"": null, ""from_stock"": false}]","[{""case_id"": ""C016"", ""hospital"": ""HTAR"", ""delivery_date"": ""30/04/2026"", ""surgery_date"": ""02/05/2026"", ""raw_plate_token"": ""DLTII"", ""case_status"": """", ""requested_drawer"": null, ""from_stock"": false}]"
DMH,VA 2.7/3.5mm Distal Medial Humeral Plates,"2.7mm, 3.5mm",STANDARD,D1,"4H L, 6H L, 8H L, 8H R, 6H R, 4H R","[{""label"": ""4H L"", ""size_range"": ""STANDARD"", ""no_stock"": false}, {""label"": ""6H L"", ""size_range"": ""STANDARD"", ""no_stock"": false}, {""label"": ""8H L"", ""size_range"": ""STANDARD"", ""no_stock"": false}, {""label"": ""8H R"", ""size_range"": ""STANDARD"", ""no_stock"": false}, {""label"": ""6H R"", ""size_range"": ""STANDARD"", ""no_stock"": false}, {""label"": ""4H R"", ""size_range"": ""STANDARD"", ""no_stock"": false}]",6,1,2,1/2,PARTIAL,"[{""case_id"": ""C037"", ""hospital"": ""BANTINGHOSPITAL"", ""delivery_date"": ""29/04/2026"", ""surgery_date"": """", ""raw_plate_token"": ""DMH"", ""case_status"": """", ""requested_drawer"": null, ""from_stock"": false}]","[{""case_id"": ""C037"", ""hospital"": ""BANTINGHOSPITAL"", ""delivery_date"": ""29/04/2026"", ""surgery_date"": """", ""raw_plate_token"": ""DMH"", ""case_status"": """", ""requested_drawer"": null, ""from_stock"": false}]"
DMH,VA 2.7/3.5mm Distal Medial Humeral Plates,"2.7mm, 3.5mm",STANDARD,D2,"4H L, 6H L, 8H L, 8H R, 6H R, 4H R","[{""label"": ""4H L"", ""size_range"": ""STANDARD"", ""no_stock"": false}, {""label"": ""6H L"", ""size_range"": ""STANDARD"", ""no_stock"": false}, {""label"": ""8H L"", ""size_range"": ""STANDARD"", ""no_stock"": false}, {""label"": ""8H R"", ""size_range"": ""STANDARD"", ""no_stock"": false}, {""label"": ""6H R"", ""size_range"": ""STANDARD"", ""no_stock"": false}, {""label"": ""4H R"", ""size_range"": ""STANDARD"", ""no_stock"": false}]",6,1,2,1/2,PARTIAL,"[{""case_id"": ""C037"", ""hospital"": ""BANTINGHOSPITAL"", ""delivery_date"": ""29/04/2026"", ""surgery_date"": """", ""raw_plate_token"": ""DMH"", ""case_status"": """", ""requested_drawer"": null, ""from_stock"": false}]",[]
DMT,VA 2.7/3.5mm Distal Medial Tibia Plates II,"2.7mm, 3.5mm",STANDARD,D1,"6H L, 8H L, 10H L, 12H L, 12H R, 10H R, 8H R, 6H R","[{""label"": ""6H L"", ""size_range"": ""STANDARD"", ""no_stock"": false}, {""label"": ""8H L"", ""size_range"": ""STANDARD"", ""no_stock"": false}, {""label"": ""10H L"", ""size_range"": ""STANDARD"", ""no_stock"": false}, {""label"": ""12H L"", ""size_range"": ""STANDARD"", ""no_stock"": false}, {""label"": ""12H R"", ""size_range"": ""STANDARD"", ""no_stock"": false}, {""label"": ""10H R"", ""size_range"": ""STANDARD"", ""no_stock"": false}, {""label"": ""8H R"", ""size_range"": ""STANDARD"", ""no_stock"": false}, {""label"": ""6H R"", ""size_range"": ""STANDARD"", ""no_stock"": false}]",8,1,2,1/2,PARTIAL,"[{""case_id"": ""C016"", ""hospital"": ""HTAR"", ""delivery_date"": ""30/04/2026"", ""surgery_date"": ""02/05/2026"", ""raw_plate_token"": ""DMT"", ""case_status"": """", ""requested_drawer"": null, ""from_stock"": false}]","[{""case_id"": ""C016"", ""hospital"": ""HTAR"", ""delivery_date"": ""30/04/2026"", ""surgery_date"": ""02/05/2026"", ""raw_plate_token"": ""DMT"", ""case_status"": """", ""requested_drawer"": null, ""from_stock"": false}]"
DMT,VA 2.7/3.5mm Distal Medial Tibia Plates II,"2.7mm, 3.5mm",STANDARD,D2,"6H L, 8H L, 10H L, 12H L, 12H R, 10H R, 8H R, 6H R","[{""label"": ""6H L"", ""size_range"": ""STANDARD"", ""no_stock"": false}, {""label"": ""8H L"", ""size_range"": ""STANDARD"", ""no_stock"": false}, {""label"": ""10H L"", ""size_range"": ""STANDARD"", ""no_stock"": false}, {""label"": ""12H L"", ""size_range"": ""STANDARD"", ""no_stock"": false}, {""label"": ""12H R"", ""size_range"": ""STANDARD"", ""no_stock"": false}, {""label"": ""10H R"", ""size_range"": ""STANDARD"", ""no_stock"": false}, {""label"": ""8H R"", ""size_range"": ""STANDARD"", ""no_stock"": false}, {""label"": ""6H R"", ""size_range"": ""STANDARD"", ""no_stock"": false}]",8,1,2,1/2,PARTIAL,"[{""case_id"": ""C016"", ""hospital"": ""HTAR"", ""delivery_date"": ""30/04/2026"", ""surgery_date"": ""02/05/2026"", ""raw_plate_token"": ""DMT"", ""case_status"": """", ""requested_drawer"": null, ""from_stock"": false}]",[]
DMT,VA 2.7/3.5mm Distal Medial Tibia Plates II,"2.7mm, 3.5mm",LONG,D1,"14H L, 14H R","[{""label"": ""14H L"", ""size_range"": ""LONG"", ""no_stock"": false}, {""label"": ""14H R"", ""size_range"": ""LONG"", ""no_stock"": false}]",2,1,1,1/1,READY,[],[]
DPLH,VA 2.7/3.5mm Distal Posterior/Lateral Humeral Plates,"2.7mm, 3.5mm",STANDARD,D1,"14H L, 12H L, 10H L, 8H L, 6H L, 4H L, 4H R, 6H R, 8H R, 10H R, 12H R, 14H R","[{""label"": ""14H L"", ""size_range"": ""STANDARD"", ""no_stock"": false}, {""label"": ""12H L"", ""size_range"": ""STANDARD"", ""no_stock"": false}, {""label"": ""10H L"", ""size_range"": ""STANDARD"", ""no_stock"": false}, {""label"": ""8H L"", ""size_range"": ""STANDARD"", ""no_stock"": false}, {""label"": ""6H L"", ""size_range"": ""STANDARD"", ""no_stock"": false}, {""label"": ""4H L"", ""size_range"": ""STANDARD"", ""no_stock"": false}, {""label"": ""4H R"", ""size_range"": ""STANDARD"", ""no_stock"": false}, {""label"": ""6H R"", ""size_range"": ""STANDARD"", ""no_stock"": false}, {""label"": ""8H R"", ""size_range"": ""STANDARD"", ""no_stock"": false}, {""label"": ""10H R"", ""size_range"": ""STANDARD"", ""no_stock"": false}, {""label"": ""12H R"", ""size_range"": ""STANDARD"", ""no_stock"": false}, {""label"": ""14H R"", ""size_range"": ""STANDARD"", ""no_stock"": false}]",12,2,2,2/2,READY,[],[]
DPLH,VA 2.7/3.5mm Distal Posterior/Lateral Humeral Plates,"2.7mm, 3.5mm",STANDARD,D2,"14H L, 12H L, 10H L, 8H L, 6H L, 4H L, 4H R, 6H R, 8H R, 10H R, 12H R, 14H R","[{""label"": ""14H L"", ""size_range"": ""STANDARD"", ""no_stock"": false}, {""label"": ""12H L"", ""size_range"": ""STANDARD"", ""no_stock"": false}, {""label"": ""10H L"", ""size_range"": ""STANDARD"", ""no_stock"": false}, {""label"": ""8H L"", ""size_range"": ""STANDARD"", ""no_stock"": false}, {""label"": ""6H L"", ""size_range"": ""STANDARD"", ""no_stock"": false}, {""label"": ""4H L"", ""size_range"": ""STANDARD"", ""no_stock"": false}, {""label"": ""4H R"", ""size_range"": ""STANDARD"", ""no_stock"": false}, {""label"": ""6H R"", ""size_range"": ""STANDARD"", ""no_stock"": false}, {""label"": ""8H R"", ""size_range"": ""STANDARD"", ""no_stock"": false}, {""label"": ""10H R"", ""size_range"": ""STANDARD"", ""no_stock"": false}, {""label"": ""12H R"", ""size_range"": ""STANDARD"", ""no_stock"": false}, {""label"": ""14H R"", ""size_range"": ""STANDARD"", ""no_stock"": false}]",12,2,2,2/2,READY,[],[]
DPT,VA 3.5mm T-Type Distal Posterior Tibia Plates,3.5mm,STANDARD,D3,"3H L, 3H L, 5H R, 5H R","[{""label"": ""3H L"", ""size_range"": ""STANDARD"", ""no_stock"": false}, {""label"": ""3H L"", ""size_range"": ""STANDARD"", ""no_stock"": false}, {""label"": ""5H R"", ""size_range"": ""STANDARD"", ""no_stock"": false}, {""label"": ""5H R"", ""size_range"": ""STANDARD"", ""no_stock"": false}]",4,1,1,1/1,READY,[],[]
DRVB,VA 2.4mm Distal Radius Volar Plates 9 holes head,2.4mm,STANDARD,D4,"3H L, 4H L, 4H R, 3H R","[{""label"": ""3H L"", ""size_range"": ""STANDARD"", ""no_stock"": false}, {""label"": ""4H L"", ""size_range"": ""STANDARD"", ""no_stock"": false}, {""label"": ""4H R"", ""size_range"": ""STANDARD"", ""no_stock"": false}, {""label"": ""3H R"", ""size_range"": ""STANDARD"", ""no_stock"": false}]",4,1,1,1/1,READY,[],[]
DRVL,2.4 DISTAL RADIUS VOLAR PLATES LONG,"2.4mm, 3.5mm",STANDARD,D4,"8H L, 10H L, 12H L, 12H R, 10H R, 8H R","[{""label"": ""8H L"", ""size_range"": ""STANDARD"", ""no_stock"": false}, {""label"": ""10H L"", ""size_range"": ""STANDARD"", ""no_stock"": false}, {""label"": ""12H L"", ""size_range"": ""STANDARD"", ""no_stock"": false}, {""label"": ""12H R"", ""size_range"": ""STANDARD"", ""no_stock"": false}, {""label"": ""10H R"", ""size_range"": ""STANDARD"", ""no_stock"": false}, {""label"": ""8H R"", ""size_range"": ""STANDARD"", ""no_stock"": false}]",6,1,1,1/1,READY,[],[]
DRVN,VA 2.4mm Distal Radius Volar Plates 8 holes head,2.4mm,STANDARD,D4,"3 L, 4 L, 5 L, 5 R, 4 R, 3 R","[{""label"": ""3 L"", ""size_range"": ""STANDARD"", ""no_stock"": false}, {""label"": ""4 L"", ""size_range"": ""STANDARD"", ""no_stock"": false}, {""label"": ""5 L"", ""size_range"": ""STANDARD"", ""no_stock"": false}, {""label"": ""5 R"", ""size_range"": ""STANDARD"", ""no_stock"": false}, {""label"": ""4 R"", ""size_range"": ""STANDARD"", ""no_stock"": false}, {""label"": ""3 R"", ""size_range"": ""STANDARD"", ""no_stock"": false}]",6,1,1,1/1,READY,[],[]
DRVN,VA 2.4mm Distal Radius Volar Plates 8 holes head,2.4mm,LONG,D4,"8 L, 8 R","[{""label"": ""8 L"", ""size_range"": ""LONG"", ""no_stock"": false}, {""label"": ""8 R"", ""size_range"": ""LONG"", ""no_stock"": false}]",2,1,1,1/1,READY,[],[]
DRVN,VA 2.4mm Distal Radius Volar Plates 8 holes head,2.4mm,SMALL,D4,"2 L, 2 R","[{""label"": ""2 L"", ""size_range"": ""SMALL"", ""no_stock"": false}, {""label"": ""2 R"", ""size_range"": ""SMALL"", ""no_stock"": false}]",2,1,1,1/1,READY,[],[]
DRVRB,VA 2.4mm Distal Radius Volar Plates III 7 holes head,2.4mm,STANDARD,D4,"4H L, 4H R","[{""label"": ""4H L"", ""size_range"": ""STANDARD"", ""no_stock"": false}, {""label"": ""4H R"", ""size_range"": ""STANDARD"", ""no_stock"": false}]",2,1,1,1/1,READY,[],[]
DRVRB,VA 2.4mm Distal Radius Volar Plates III 7 holes head,2.4mm,LONG,D4,"7H L, 7H R","[{""label"": ""7H L"", ""size_range"": ""LONG"", ""no_stock"": false}, {""label"": ""7H R"", ""size_range"": ""LONG"", ""no_stock"": false}]",2,1,1,1/1,READY,[],[]
DRVRN,VA 2.4mm Distal Radius Volar Plates III 6 holes head,2.4mm,STANDARD,D4,"4H L, 4H R","[{""label"": ""4H L"", ""size_range"": ""STANDARD"", ""no_stock"": false}, {""label"": ""4H R"", ""size_range"": ""STANDARD"", ""no_stock"": false}]",2,1,1,1/1,READY,[],[]
DSC,VA 2.7/3.5mm Superior Anterior Clavicle Plates II,"2.7mm, 3.5mm",SHORT,D1,"3H L, 3H R","[{""label"": ""3H L"", ""size_range"": ""SHORT"", ""no_stock"": false}, {""label"": ""3H R"", ""size_range"": ""SHORT"", ""no_stock"": false}]",2,3,3,3/3,READY,[],[]
DSC,VA 2.7/3.5mm Superior Anterior Clavicle Plates II,"2.7mm, 3.5mm",SHORT,D2,"3H L, 3H R","[{""label"": ""3H L"", ""size_range"": ""SHORT"", ""no_stock"": false}, {""label"": ""3H R"", ""size_range"": ""SHORT"", ""no_stock"": false}]",2,3,3,3/3,READY,[],[]
DSC,VA 2.7/3.5mm Superior Anterior Clavicle Plates II,"2.7mm, 3.5mm",SHORT,D3,"3H L, 3H R","[{""label"": ""3H L"", ""size_range"": ""SHORT"", ""no_stock"": false}, {""label"": ""3H R"", ""size_range"": ""SHORT"", ""no_stock"": false}]",2,3,3,3/3,READY,[],[]
DSC,VA 2.7/3.5mm Superior Anterior Clavicle Plates II,"2.7mm, 3.5mm",STANDARD,D1,"7H L, 5H L, 5H R, 7H R","[{""label"": ""7H L"", ""size_range"": ""STANDARD"", ""no_stock"": false}, {""label"": ""5H L"", ""size_range"": ""STANDARD"", ""no_stock"": false}, {""label"": ""5H R"", ""size_range"": ""STANDARD"", ""no_stock"": false}, {""label"": ""7H R"", ""size_range"": ""STANDARD"", ""no_stock"": false}]",4,1,3,1/3,PARTIAL,"[{""case_id"": ""C004"", ""hospital"": ""COLUMBIAASIAHOSPITALSETAPAK"", ""delivery_date"": ""03/05/2026"", ""surgery_date"": ""03/05/2026"", ""raw_plate_token"": ""DSC"", ""case_status"": """", ""requested_drawer"": null, ""from_stock"": false}, {""case_id"": ""C040"", ""hospital"": """", ""delivery_date"": """", ""surgery_date"": """", ""raw_plate_token"": ""DSC-L"", ""case_status"": """", ""requested_drawer"": null, ""from_stock"": false}]","[{""case_id"": ""C004"", ""hospital"": ""COLUMBIAASIAHOSPITALSETAPAK"", ""delivery_date"": ""03/05/2026"", ""surgery_date"": ""03/05/2026"", ""raw_plate_token"": ""DSC"", ""case_status"": """", ""requested_drawer"": null, ""from_stock"": false}]"
DSC,VA 2.7/3.5mm Superior Anterior Clavicle Plates II,"2.7mm, 3.5mm",STANDARD,D2,"7H L, 5H L, 5H R, 7H R","[{""label"": ""7H L"", ""size_range"": ""STANDARD"", ""no_stock"": false}, {""label"": ""5H L"", ""size_range"": ""STANDARD"", ""no_stock"": false}, {""label"": ""5H R"", ""size_range"": ""STANDARD"", ""no_stock"": false}, {""label"": ""7H R"", ""size_range"": ""STANDARD"", ""no_stock"": false}]",4,1,3,1/3,PARTIAL,"[{""case_id"": ""C004"", ""hospital"": ""COLUMBIAASIAHOSPITALSETAPAK"", ""delivery_date"": ""03/05/2026"", ""surgery_date"": ""03/05/2026"", ""raw_plate_token"": ""DSC"", ""case_status"": """", ""requested_drawer"": null, ""from_stock"": false}, {""case_id"": ""C040"", ""hospital"": """", ""delivery_date"": """", ""surgery_date"": """", ""raw_plate_token"": ""DSC-L"", ""case_status"": """", ""requested_drawer"": null, ""from_stock"": false}]","[{""case_id"": ""C040"", ""hospital"": """", ""delivery_date"": """", ""surgery_date"": """", ""raw_plate_token"": ""DSC-L"", ""case_status"": """", ""requested_drawer"": null, ""from_stock"": false}]"
DSC,VA 2.7/3.5mm Superior Anterior Clavicle Plates II,"2.7mm, 3.5mm",STANDARD,D3,"7H L, 5H L, 5H R, 7H R","[{""label"": ""7H L"", ""size_range"": ""STANDARD"", ""no_stock"": false}, {""label"": ""5H L"", ""size_range"": ""STANDARD"", ""no_stock"": false}, {""label"": ""5H R"", ""size_range"": ""STANDARD"", ""no_stock"": false}, {""label"": ""7H R"", ""size_range"": ""STANDARD"", ""no_stock"": false}]",4,1,3,1/3,PARTIAL,"[{""case_id"": ""C004"", ""hospital"": ""COLUMBIAASIAHOSPITALSETAPAK"", ""delivery_date"": ""03/05/2026"", ""surgery_date"": ""03/05/2026"", ""raw_plate_token"": ""DSC"", ""case_status"": """", ""requested_drawer"": null, ""from_stock"": false}, {""case_id"": ""C040"", ""hospital"": """", ""delivery_date"": """", ""surgery_date"": """", ""raw_plate_token"": ""DSC-L"", ""case_status"": """", ""requested_drawer"": null, ""from_stock"": false}]",[]
DSC,VA 2.7/3.5mm Superior Anterior Clavicle Plates II,"2.7mm, 3.5mm",LONG,D1,"9H L, 9H R","[{""label"": ""9H L"", ""size_range"": ""LONG"", ""no_stock"": false}, {""label"": ""9H R"", ""size_range"": ""LONG"", ""no_stock"": false}]",2,2,3,2/3,PARTIAL,"[{""case_id"": ""C040"", ""hospital"": """", ""delivery_date"": """", ""surgery_date"": """", ""raw_plate_token"": ""DSC-L"", ""case_status"": """", ""requested_drawer"": null, ""from_stock"": false}]","[{""case_id"": ""C040"", ""hospital"": """", ""delivery_date"": """", ""surgery_date"": """", ""raw_plate_token"": ""DSC-L"", ""case_status"": """", ""requested_drawer"": null, ""from_stock"": false}]"
DSC,VA 2.7/3.5mm Superior Anterior Clavicle Plates II,"2.7mm, 3.5mm",LONG,D2,"9H L, 9H R","[{""label"": ""9H L"", ""size_range"": ""LONG"", ""no_stock"": false}, {""label"": ""9H R"", ""size_range"": ""LONG"", ""no_stock"": false}]",2,2,3,2/3,PARTIAL,"[{""case_id"": ""C040"", ""hospital"": """", ""delivery_date"": """", ""surgery_date"": """", ""raw_plate_token"": ""DSC-L"", ""case_status"": """", ""requested_drawer"": null, ""from_stock"": false}]",[]
DSC,VA 2.7/3.5mm Superior Anterior Clavicle Plates II,"2.7mm, 3.5mm",LONG,D3,"9H L, 9H R","[{""label"": ""9H L"", ""size_range"": ""LONG"", ""no_stock"": false}, {""label"": ""9H R"", ""size_range"": ""LONG"", ""no_stock"": false}]",2,2,3,2/3,PARTIAL,"[{""case_id"": ""C040"", ""hospital"": """", ""delivery_date"": """", ""surgery_date"": """", ""raw_plate_token"": ""DSC-L"", ""case_status"": """", ""requested_drawer"": null, ""from_stock"": false}]",[]
FIBHOOK,Distal Lateral Fibular Hook Plates,"2.7mm, 3.5mm",STANDARD,D3,"4H L, 5H L, 5H R, 4H R","[{""label"": ""4H L"", ""size_range"": ""STANDARD"", ""no_stock"": false}, {""label"": ""5H L"", ""size_range"": ""STANDARD"", ""no_stock"": false}, {""label"": ""5H R"", ""size_range"": ""STANDARD"", ""no_stock"": false}, {""label"": ""4H R"", ""size_range"": ""STANDARD"", ""no_stock"": false}]",4,1,1,1/1,READY,[],[]
FSP,VA 5.0mm Femur Straight Plates,5.0mm,SHORT,D5,6H,"[{""label"": ""6H"", ""size_range"": ""SHORT"", ""no_stock"": false}]",1,2,2,2/2,READY,[],[]
FSP,VA 5.0mm Femur Straight Plates,5.0mm,SHORT,D6,6H,"[{""label"": ""6H"", ""size_range"": ""SHORT"", ""no_stock"": false}]",1,2,2,2/2,READY,[],[]
FSP,VA 5.0mm Femur Straight Plates,5.0mm,STANDARD,D5,"8H, 10H, 12H","[{""label"": ""8H"", ""size_range"": ""STANDARD"", ""no_stock"": false}, {""label"": ""10H"", ""size_range"": ""STANDARD"", ""no_stock"": false}, {""label"": ""12H"", ""size_range"": ""STANDARD"", ""no_stock"": false}]",3,1,2,1/2,PARTIAL,"[{""case_id"": ""C028"", ""hospital"": ""HOSHAS"", ""delivery_date"": ""25/04/2026"", ""surgery_date"": ""27/04/2026"", ""raw_plate_token"": ""FSP"", ""case_status"": """", ""requested_drawer"": null, ""from_stock"": false}]","[{""case_id"": ""C028"", ""hospital"": ""HOSHAS"", ""delivery_date"": ""25/04/2026"", ""surgery_date"": ""27/04/2026"", ""raw_plate_token"": ""FSP"", ""case_status"": """", ""requested_drawer"": null, ""from_stock"": false}]"
FSP,VA 5.0mm Femur Straight Plates,5.0mm,STANDARD,D6,"8H, 10H, 12H","[{""label"": ""8H"", ""size_range"": ""STANDARD"", ""no_stock"": false}, {""label"": ""10H"", ""size_range"": ""STANDARD"", ""no_stock"": false}, {""label"": ""12H"", ""size_range"": ""STANDARD"", ""no_stock"": false}]",3,1,2,1/2,PARTIAL,"[{""case_id"": ""C028"", ""hospital"": ""HOSHAS"", ""delivery_date"": ""25/04/2026"", ""surgery_date"": ""27/04/2026"", ""raw_plate_token"": ""FSP"", ""case_status"": """", ""requested_drawer"": null, ""from_stock"": false}]",[]
FSP,VA 5.0mm Femur Straight Plates,5.0mm,LONG,D5,14H,"[{""label"": ""14H"", ""size_range"": ""LONG"", ""no_stock"": false}]",1,2,2,2/2,READY,[],[]
FSP,VA 5.0mm Femur Straight Plates,5.0mm,LONG,D6,14H,"[{""label"": ""14H"", ""size_range"": ""LONG"", ""no_stock"": false}]",1,2,2,2/2,READY,[],[]
FSP,VA 5.0mm Femur Straight Plates,5.0mm,EXTRA LONG,D5,"16h, 18h","[{""label"": ""16h"", ""size_range"": ""EXTRA LONG"", ""no_stock"": false}, {""label"": ""18h"", ""size_range"": ""EXTRA LONG"", ""no_stock"": false}]",2,1,1,1/1,READY,[],[]
METAI,VA 3.5mm Metaphyseal Plates,3.5mm,STANDARD,D1,"8H, 10H","[{""label"": ""8H"", ""size_range"": ""STANDARD"", ""no_stock"": false}, {""label"": ""10H"", ""size_range"": ""STANDARD"", ""no_stock"": false}]",2,1,1,1/1,READY,[],[]
METAII,VA 3.5/4.5/5.0mm Metaphyseal Plates,"3.5mm, 4.5mm, 5.0mm",STANDARD,D6,"8H, 10H, 12H","[{""label"": ""8H"", ""size_range"": ""STANDARD"", ""no_stock"": false}, {""label"": ""10H"", ""size_range"": ""STANDARD"", ""no_stock"": false}, {""label"": ""12H"", ""size_range"": ""STANDARD"", ""no_stock"": false}]",3,1,1,1/1,READY,[],[]
MSC,VA 3.5mm Superior Anterior Clavicle Plates MS Clavicle,3.5mm,STANDARD,D1,"8H L, 7H L, 6H L, 6H R, 7H R, 8H R","[{""label"": ""8H L"", ""size_range"": ""STANDARD"", ""no_stock"": false}, {""label"": ""7H L"", ""size_range"": ""STANDARD"", ""no_stock"": false}, {""label"": ""6H L"", ""size_range"": ""STANDARD"", ""no_stock"": false}, {""label"": ""6H R"", ""size_range"": ""STANDARD"", ""no_stock"": false}, {""label"": ""7H R"", ""size_range"": ""STANDARD"", ""no_stock"": false}, {""label"": ""8H R"", ""size_range"": ""STANDARD"", ""no_stock"": false}]",6,1,3,1/3,PARTIAL,"[{""case_id"": ""C004"", ""hospital"": ""COLUMBIAASIAHOSPITALSETAPAK"", ""delivery_date"": ""03/05/2026"", ""surgery_date"": ""03/05/2026"", ""raw_plate_token"": ""MSC"", ""case_status"": """", ""requested_drawer"": null, ""from_stock"": false}, {""case_id"": ""C040"", ""hospital"": """", ""delivery_date"": """", ""surgery_date"": """", ""raw_plate_token"": ""MSC"", ""case_status"": """", ""requested_drawer"": null, ""from_stock"": false}]","[{""case_id"": ""C004"", ""hospital"": ""COLUMBIAASIAHOSPITALSETAPAK"", ""delivery_date"": ""03/05/2026"", ""surgery_date"": ""03/05/2026"", ""raw_plate_token"": ""MSC"", ""case_status"": """", ""requested_drawer"": null, ""from_stock"": false}]"
MSC,VA 3.5mm Superior Anterior Clavicle Plates MS Clavicle,3.5mm,STANDARD,D2,"8H L, 7H L, 6H L, 6H R, 7H R, 8H R","[{""label"": ""8H L"", ""size_range"": ""STANDARD"", ""no_stock"": false}, {""label"": ""7H L"", ""size_range"": ""STANDARD"", ""no_stock"": false}, {""label"": ""6H L"", ""size_range"": ""STANDARD"", ""no_stock"": false}, {""label"": ""6H R"", ""size_range"": ""STANDARD"", ""no_stock"": false}, {""label"": ""7H R"", ""size_range"": ""STANDARD"", ""no_stock"": false}, {""label"": ""8H R"", ""size_range"": ""STANDARD"", ""no_stock"": false}]",6,1,3,1/3,PARTIAL,"[{""case_id"": ""C004"", ""hospital"": ""COLUMBIAASIAHOSPITALSETAPAK"", ""delivery_date"": ""03/05/2026"", ""surgery_date"": ""03/05/2026"", ""raw_plate_token"": ""MSC"", ""case_status"": """", ""requested_drawer"": null, ""from_stock"": false}, {""case_id"": ""C040"", ""hospital"": """", ""delivery_date"": """", ""surgery_date"": """", ""raw_plate_token"": ""MSC"", ""case_status"": """", ""requested_drawer"": null, ""from_stock"": false}]","[{""case_id"": ""C040"", ""hospital"": """", ""delivery_date"": """", ""surgery_date"": """", ""raw_plate_token"": ""MSC"", ""case_status"": """", ""requested_drawer"": null, ""from_stock"": false}]"
MSC,VA 3.5mm Superior Anterior Clavicle Plates MS Clavicle,3.5mm,STANDARD,D3,"8H L, 7H L, 6H L, 6H R, 7H R, 8H R","[{""label"": ""8H L"", ""size_range"": ""STANDARD"", ""no_stock"": false}, {""label"": ""7H L"", ""size_range"": ""STANDARD"", ""no_stock"": false}, {""label"": ""6H L"", ""size_range"": ""STANDARD"", ""no_stock"": false}, {""label"": ""6H R"", ""size_range"": ""STANDARD"", ""no_stock"": false}, {""label"": ""7H R"", ""size_range"": ""STANDARD"", ""no_stock"": false}, {""label"": ""8H R"", ""size_range"": ""STANDARD"", ""no_stock"": false}]",6,1,3,1/3,PARTIAL,"[{""case_id"": ""C004"", ""hospital"": ""COLUMBIAASIAHOSPITALSETAPAK"", ""delivery_date"": ""03/05/2026"", ""surgery_date"": ""03/05/2026"", ""raw_plate_token"": ""MSC"", ""case_status"": """", ""requested_drawer"": null, ""from_stock"": false}, {""case_id"": ""C040"", ""hospital"": """", ""delivery_date"": """", ""surgery_date"": """", ""raw_plate_token"": ""MSC"", ""case_status"": """", ""requested_drawer"": null, ""from_stock"": false}]",[]
OLEI,VA 3.5mm Proximal Dorsal Ulna Plates Placa Olecranon,3.5mm,STANDARD,D1,"4H L, 6H L, 8H L, 8H R, 6H R, 4H R","[{""label"": ""4H L"", ""size_range"": ""STANDARD"", ""no_stock"": false}, {""label"": ""6H L"", ""size_range"": ""STANDARD"", ""no_stock"": false}, {""label"": ""8H L"", ""size_range"": ""STANDARD"", ""no_stock"": false}, {""label"": ""8H R"", ""size_range"": ""STANDARD"", ""no_stock"": false}, {""label"": ""6H R"", ""size_range"": ""STANDARD"", ""no_stock"": false}, {""label"": ""4H R"", ""size_range"": ""STANDARD"", ""no_stock"": false}]",6,2,3,2/3,PARTIAL,"[{""case_id"": ""C018"", ""hospital"": ""PARKCITYMEDICALCENTRE"", ""delivery_date"": ""30/04/2026"", ""surgery_date"": ""30/04/2026"", ""raw_plate_token"": ""OLEI"", ""case_status"": """", ""requested_drawer"": null, ""from_stock"": false}]","[{""case_id"": ""C018"", ""hospital"": ""PARKCITYMEDICALCENTRE"", ""delivery_date"": ""30/04/2026"", ""surgery_date"": ""30/04/2026"", ""raw_plate_token"": ""OLEI"", ""case_status"": """", ""requested_drawer"": null, ""from_stock"": false}]"
OLEI,VA 3.5mm Proximal Dorsal Ulna Plates Placa Olecranon,3.5mm,STANDARD,D2,"4H L, 6H L, 8H L, 8H R, 6H R, 4H R","[{""label"": ""4H L"", ""size_range"": ""STANDARD"", ""no_stock"": false}, {""label"": ""6H L"", ""size_range"": ""STANDARD"", ""no_stock"": false}, {""label"": ""8H L"", ""size_range"": ""STANDARD"", ""no_stock"": false}, {""label"": ""8H R"", ""size_range"": ""STANDARD"", ""no_stock"": false}, {""label"": ""6H R"", ""size_range"": ""STANDARD"", ""no_stock"": false}, {""label"": ""4H R"", ""size_range"": ""STANDARD"", ""no_stock"": false}]",6,2,3,2/3,PARTIAL,"[{""case_id"": ""C018"", ""hospital"": ""PARKCITYMEDICALCENTRE"", ""delivery_date"": ""30/04/2026"", ""surgery_date"": ""30/04/2026"", ""raw_plate_token"": ""OLEI"", ""case_status"": """", ""requested_drawer"": null, ""from_stock"": false}]",[]
OLEI,VA 3.5mm Proximal Dorsal Ulna Plates Placa Olecranon,3.5mm,STANDARD,D3,"4H L, 6H L, 8H L, 8H R, 6H R, 4H R","[{""label"": ""4H L"", ""size_range"": ""STANDARD"", ""no_stock"": false}, {""label"": ""6H L"", ""size_range"": ""STANDARD"", ""no_stock"": false}, {""label"": ""8H L"", ""size_range"": ""STANDARD"", ""no_stock"": false}, {""label"": ""8H R"", ""size_range"": ""STANDARD"", ""no_stock"": false}, {""label"": ""6H R"", ""size_range"": ""STANDARD"", ""no_stock"": false}, {""label"": ""4H R"", ""size_range"": ""STANDARD"", ""no_stock"": false}]",6,2,3,2/3,PARTIAL,"[{""case_id"": ""C018"", ""hospital"": ""PARKCITYMEDICALCENTRE"", ""delivery_date"": ""30/04/2026"", ""surgery_date"": ""30/04/2026"", ""raw_plate_token"": ""OLEI"", ""case_status"": """", ""requested_drawer"": null, ""from_stock"": false}]",[]
OLEII,VA 3.5mm Proximal Dorsal Ulna Plates II Placa Olecranon,3.5mm,STANDARD,D3,"4H L, 6H L, 8H L, 8H R, 6H R, 4H R","[{""label"": ""4H L"", ""size_range"": ""STANDARD"", ""no_stock"": false}, {""label"": ""6H L"", ""size_range"": ""STANDARD"", ""no_stock"": false}, {""label"": ""8H L"", ""size_range"": ""STANDARD"", ""no_stock"": false}, {""label"": ""8H R"", ""size_range"": ""STANDARD"", ""no_stock"": false}, {""label"": ""6H R"", ""size_range"": ""STANDARD"", ""no_stock"": false}, {""label"": ""4H R"", ""size_range"": ""STANDARD"", ""no_stock"": false}]",6,1,2,1/2,PARTIAL,"[{""case_id"": ""C018"", ""hospital"": ""PARKCITYMEDICALCENTRE"", ""delivery_date"": ""30/04/2026"", ""surgery_date"": ""30/04/2026"", ""raw_plate_token"": ""OLEII"", ""case_status"": """", ""requested_drawer"": null, ""from_stock"": false}]","[{""case_id"": ""C018"", ""hospital"": ""PARKCITYMEDICALCENTRE"", ""delivery_date"": ""30/04/2026"", ""surgery_date"": ""30/04/2026"", ""raw_plate_token"": ""OLEII"", ""case_status"": """", ""requested_drawer"": null, ""from_stock"": false}]"
OLEII,VA 3.5mm Proximal Dorsal Ulna Plates II Placa Olecranon,3.5mm,STANDARD,D4,"4H L, 6H L, 8H L, 8H R, 6H R, 4H R","[{""label"": ""4H L"", ""size_range"": ""STANDARD"", ""no_stock"": false}, {""label"": ""6H L"", ""size_range"": ""STANDARD"", ""no_stock"": false}, {""label"": ""8H L"", ""size_range"": ""STANDARD"", ""no_stock"": false}, {""label"": ""8H R"", ""size_range"": ""STANDARD"", ""no_stock"": false}, {""label"": ""6H R"", ""size_range"": ""STANDARD"", ""no_stock"": false}, {""label"": ""4H R"", ""size_range"": ""STANDARD"", ""no_stock"": false}]",6,1,2,1/2,PARTIAL,"[{""case_id"": ""C018"", ""hospital"": ""PARKCITYMEDICALCENTRE"", ""delivery_date"": ""30/04/2026"", ""surgery_date"": ""30/04/2026"", ""raw_plate_token"": ""OLEII"", ""case_status"": """", ""requested_drawer"": null, ""from_stock"": false}]",[]
PFP,VA 4.5/5.0/6.5mm Proximal Lateral Femur Plates,"4.5mm, 5.0mm, 6.5mm",STANDARD,D4,"5H L, 7H L, 9H L, 11H L, 11H R, 9H R, 7H R, 5H R","[{""label"": ""5H L"", ""size_range"": ""STANDARD"", ""no_stock"": true}, {""label"": ""7H L"", ""size_range"": ""STANDARD"", ""no_stock"": false}, {""label"": ""9H L"", ""size_range"": ""STANDARD"", ""no_stock"": true}, {""label"": ""11H L"", ""size_range"": ""STANDARD"", ""no_stock"": false}, {""label"": ""11H R"", ""size_range"": ""STANDARD"", ""no_stock"": false}, {""label"": ""9H R"", ""size_range"": ""STANDARD"", ""no_stock"": false}, {""label"": ""7H R"", ""size_range"": ""STANDARD"", ""no_stock"": true}, {""label"": ""5H R"", ""size_range"": ""STANDARD"", ""no_stock"": false}]",8,1,1,1/1,READY,[],[]
PHILOS,VA 3.5mm Proximal Lateral Humeral Plates II,3.5mm,STANDARD,D1,"3H, 4H, 5H","[{""label"": ""3H"", ""size_range"": ""STANDARD"", ""no_stock"": false}, {""label"": ""4H"", ""size_range"": ""STANDARD"", ""no_stock"": false}, {""label"": ""5H"", ""size_range"": ""STANDARD"", ""no_stock"": false}]",3,3,3,3/3,READY,[],[]
PHILOS,VA 3.5mm Proximal Lateral Humeral Plates II,3.5mm,STANDARD,D2,"3H, 4H, 5H","[{""label"": ""3H"", ""size_range"": ""STANDARD"", ""no_stock"": false}, {""label"": ""4H"", ""size_range"": ""STANDARD"", ""no_stock"": false}, {""label"": ""5H"", ""size_range"": ""STANDARD"", ""no_stock"": false}]",3,3,3,3/3,READY,[],[]
PHILOS,VA 3.5mm Proximal Lateral Humeral Plates II,3.5mm,STANDARD,D3,"3H, 4H, 5H","[{""label"": ""3H"", ""size_range"": ""STANDARD"", ""no_stock"": false}, {""label"": ""4H"", ""size_range"": ""STANDARD"", ""no_stock"": false}, {""label"": ""5H"", ""size_range"": ""STANDARD"", ""no_stock"": false}]",3,3,3,3/3,READY,[],[]
PHILOS,VA 3.5mm Proximal Lateral Humeral Plates II,3.5mm,LONG,D1,"6H, 8H","[{""label"": ""6H"", ""size_range"": ""LONG"", ""no_stock"": false}, {""label"": ""8H"", ""size_range"": ""LONG"", ""no_stock"": false}]",2,1,1,1/1,READY,[],[]
PHILOS,VA 3.5mm Proximal Lateral Humeral Plates II,3.5mm,EXTRA LONG,STOCK,10H,"[{""label"": ""10H"", ""size_range"": ""EXTRA LONG"", ""no_stock"": false}]",1,1,1,1/1,READY,[],[]
PLTI,VA 3.5/4.5/5.0mm Proximal Lateral Tibia Plates,"3.5mm, 4.5mm, 5.0mm",STANDARD,D5,"4H L, 6H L, 8H L, 10H L, 12H L, 12H R, 10H R, 8H R, 6H R, 4H R","[{""label"": ""4H L"", ""size_range"": ""STANDARD"", ""no_stock"": false}, {""label"": ""6H L"", ""size_range"": ""STANDARD"", ""no_stock"": false}, {""label"": ""8H L"", ""size_range"": ""STANDARD"", ""no_stock"": false}, {""label"": ""10H L"", ""size_range"": ""STANDARD"", ""no_stock"": false}, {""label"": ""12H L"", ""size_range"": ""STANDARD"", ""no_stock"": false}, {""label"": ""12H R"", ""size_range"": ""STANDARD"", ""no_stock"": false}, {""label"": ""10H R"", ""size_range"": ""STANDARD"", ""no_stock"": false}, {""label"": ""8H R"", ""size_range"": ""STANDARD"", ""no_stock"": false}, {""label"": ""6H R"", ""size_range"": ""STANDARD"", ""no_stock"": false}, {""label"": ""4H R"", ""size_range"": ""STANDARD"", ""no_stock"": false}]",10,0,2,0/2,OUT OF STOCK,"[{""case_id"": ""C002"", ""hospital"": ""SENTOSASPECIALISTHOSPITAL."", ""delivery_date"": ""01/05/2026"", ""surgery_date"": ""01/05/2026"", ""raw_plate_token"": ""PLTI"", ""case_status"": """", ""requested_drawer"": null, ""from_stock"": false}, {""case_id"": ""C011"", ""hospital"": ""HTAN"", ""delivery_date"": ""01/05/2026"", ""surgery_date"": """", ""raw_plate_token"": ""PLTI"", ""case_status"": """", ""requested_drawer"": null, ""from_stock"": false}, {""case_id"": ""C022"", ""hospital"": ""HTJ"", ""delivery_date"": ""28/04/2026"", ""surgery_date"": """", ""raw_plate_token"": ""PLTI-L"", ""case_status"": """", ""requested_drawer"": null, ""from_stock"": true}]","[{""case_id"": ""C002"", ""hospital"": ""SENTOSASPECIALISTHOSPITAL."", ""delivery_date"": ""01/05/2026"", ""surgery_date"": ""01/05/2026"", ""raw_plate_token"": ""PLTI"", ""case_status"": """", ""requested_drawer"": null, ""from_stock"": false}]"
PLTI,VA 3.5/4.5/5.0mm Proximal Lateral Tibia Plates,"3.5mm, 4.5mm, 5.0mm",STANDARD,D6,"4H L, 6H L, 8H L, 10H L, 12H L, 12H R, 10H R, 8H R, 6H R, 4H R","[{""label"": ""4H L"", ""size_range"": ""STANDARD"", ""no_stock"": false}, {""label"": ""6H L"", ""size_range"": ""STANDARD"", ""no_stock"": false}, {""label"": ""8H L"", ""size_range"": ""STANDARD"", ""no_stock"": false}, {""label"": ""10H L"", ""size_range"": ""STANDARD"", ""no_stock"": false}, {""label"": ""12H L"", ""size_range"": ""STANDARD"", ""no_stock"": false}, {""label"": ""12H R"", ""size_range"": ""STANDARD"", ""no_stock"": false}, {""label"": ""10H R"", ""size_range"": ""STANDARD"", ""no_stock"": false}, {""label"": ""8H R"", ""size_range"": ""STANDARD"", ""no_stock"": false}, {""label"": ""6H R"", ""size_range"": ""STANDARD"", ""no_stock"": false}, {""label"": ""4H R"", ""size_range"": ""STANDARD"", ""no_stock"": false}]",10,0,2,0/2,OUT OF STOCK,"[{""case_id"": ""C002"", ""hospital"": ""SENTOSASPECIALISTHOSPITAL."", ""delivery_date"": ""01/05/2026"", ""surgery_date"": ""01/05/2026"", ""raw_plate_token"": ""PLTI"", ""case_status"": """", ""requested_drawer"": null, ""from_stock"": false}, {""case_id"": ""C011"", ""hospital"": ""HTAN"", ""delivery_date"": ""01/05/2026"", ""surgery_date"": """", ""raw_plate_token"": ""PLTI"", ""case_status"": """", ""requested_drawer"": null, ""from_stock"": false}, {""case_id"": ""C022"", ""hospital"": ""HTJ"", ""delivery_date"": ""28/04/2026"", ""surgery_date"": """", ""raw_plate_token"": ""PLTI-L"", ""case_status"": """", ""requested_drawer"": null, ""from_stock"": true}]","[{""case_id"": ""C011"", ""hospital"": ""HTAN"", ""delivery_date"": ""01/05/2026"", ""surgery_date"": """", ""raw_plate_token"": ""PLTI"", ""case_status"": """", ""requested_drawer"": null, ""from_stock"": false}]"
PLTI,VA 3.5/4.5/5.0mm Proximal Lateral Tibia Plates,"3.5mm, 4.5mm, 5.0mm",STANDARD,STOCK,,[],0,0,2,0/2,OUT OF STOCK,"[{""case_id"": ""C002"", ""hospital"": ""SENTOSASPECIALISTHOSPITAL."", ""delivery_date"": ""01/05/2026"", ""surgery_date"": ""01/05/2026"", ""raw_plate_token"": ""PLTI"", ""case_status"": """", ""requested_drawer"": null, ""from_stock"": false}, {""case_id"": ""C011"", ""hospital"": ""HTAN"", ""delivery_date"": ""01/05/2026"", ""surgery_date"": """", ""raw_plate_token"": ""PLTI"", ""case_status"": """", ""requested_drawer"": null, ""from_stock"": false}, {""case_id"": ""C022"", ""hospital"": ""HTJ"", ""delivery_date"": ""28/04/2026"", ""surgery_date"": """", ""raw_plate_token"": ""PLTI-L"", ""case_status"": """", ""requested_drawer"": null, ""from_stock"": true}]","[{""case_id"": ""C022"", ""hospital"": ""HTJ"", ""delivery_date"": ""28/04/2026"", ""surgery_date"": """", ""raw_plate_token"": ""PLTI-L"", ""case_status"": """", ""requested_drawer"": null, ""from_stock"": true}]"
PLTI,VA 3.5/4.5/5.0mm Proximal Lateral Tibia Plates,"3.5mm, 4.5mm, 5.0mm",LONG,D5,"14H L, 14H R","[{""label"": ""14H L"", ""size_range"": ""LONG"", ""no_stock"": false}, {""label"": ""14H R"", ""size_range"": ""LONG"", ""no_stock"": false}]",2,0,1,0/1,OUT OF STOCK,"[{""case_id"": ""C022"", ""hospital"": ""HTJ"", ""delivery_date"": ""28/04/2026"", ""surgery_date"": """", ""raw_plate_token"": ""PLTI-L"", ""case_status"": """", ""requested_drawer"": null, ""from_stock"": false}]","[{""case_id"": ""C022"", ""hospital"": ""HTJ"", ""delivery_date"": ""28/04/2026"", ""surgery_date"": """", ""raw_plate_token"": ""PLTI-L"", ""case_status"": """", ""requested_drawer"": null, ""from_stock"": false}]"
PLTI,VA 3.5/4.5/5.0mm Proximal Lateral Tibia Plates,"3.5mm, 4.5mm, 5.0mm",EXTRA LONG,D4,"16H L, 16H R","[{""label"": ""16H L"", ""size_range"": ""EXTRA LONG"", ""no_stock"": false}, {""label"": ""16H R"", ""size_range"": ""EXTRA LONG"", ""no_stock"": false}]",2,1,1,1/1,READY,[],[]
PLTII,VA 4.5/5.0mm Proximal Lateral Tibia Plates II,"4.5mm, 5.0mm",STANDARD,D5,"5H L, 7H L, 9H L, 11H L, 11H R, 9H R, 7H R, 5H R","[{""label"": ""5H L"", ""size_range"": ""STANDARD"", ""no_stock"": true}, {""label"": ""7H L"", ""size_range"": ""STANDARD"", ""no_stock"": false}, {""label"": ""9H L"", ""size_range"": ""STANDARD"", ""no_stock"": false}, {""label"": ""11H L"", ""size_range"": ""STANDARD"", ""no_stock"": false}, {""label"": ""11H R"", ""size_range"": ""STANDARD"", ""no_stock"": false}, {""label"": ""9H R"", ""size_range"": ""STANDARD"", ""no_stock"": false}, {""label"": ""7H R"", ""size_range"": ""STANDARD"", ""no_stock"": false}, {""label"": ""5H R"", ""size_range"": ""STANDARD"", ""no_stock"": false}]",8,0,2,0/2,OUT OF STOCK,"[{""case_id"": ""C002"", ""hospital"": ""SENTOSASPECIALISTHOSPITAL."", ""delivery_date"": ""01/05/2026"", ""surgery_date"": ""01/05/2026"", ""raw_plate_token"": ""PLTII"", ""case_status"": """", ""requested_drawer"": null, ""from_stock"": false}, {""case_id"": ""C011"", ""hospital"": ""HTAN"", ""delivery_date"": ""01/05/2026"", ""surgery_date"": """", ""raw_plate_token"": ""PLTII"", ""case_status"": """", ""requested_drawer"": null, ""from_stock"": false}, {""case_id"": ""C022"", ""hospital"": ""HTJ"", ""delivery_date"": ""28/04/2026"", ""surgery_date"": """", ""raw_plate_token"": ""PLTII"", ""case_status"": """", ""requested_drawer"": null, ""from_stock"": true}]","[{""case_id"": ""C002"", ""hospital"": ""SENTOSASPECIALISTHOSPITAL."", ""delivery_date"": ""01/05/2026"", ""surgery_date"": ""01/05/2026"", ""raw_plate_token"": ""PLTII"", ""case_status"": """", ""requested_drawer"": null, ""from_stock"": false}]"
PLTII,VA 4.5/5.0mm Proximal Lateral Tibia Plates II,"4.5mm, 5.0mm",STANDARD,D6,"5H L, 7H L, 9H L, 11H L, 11H R, 9H R, 7H R, 5H R","[{""label"": ""5H L"", ""size_range"": ""STANDARD"", ""no_stock"": false}, {""label"": ""7H L"", ""size_range"": ""STANDARD"", ""no_stock"": false}, {""label"": ""9H L"", ""size_range"": ""STANDARD"", ""no_stock"": false}, {""label"": ""11H L"", ""size_range"": ""STANDARD"", ""no_stock"": false}, {""label"": ""11H R"", ""size_range"": ""STANDARD"", ""no_stock"": false}, {""label"": ""9H R"", ""size_range"": ""STANDARD"", ""no_stock"": false}, {""label"": ""7H R"", ""size_range"": ""STANDARD"", ""no_stock"": false}, {""label"": ""5H R"", ""size_range"": ""STANDARD"", ""no_stock"": true}]",8,0,2,0/2,OUT OF STOCK,"[{""case_id"": ""C002"", ""hospital"": ""SENTOSASPECIALISTHOSPITAL."", ""delivery_date"": ""01/05/2026"", ""surgery_date"": ""01/05/2026"", ""raw_plate_token"": ""PLTII"", ""case_status"": """", ""requested_drawer"": null, ""from_stock"": false}, {""case_id"": ""C011"", ""hospital"": ""HTAN"", ""delivery_date"": ""01/05/2026"", ""surgery_date"": """", ""raw_plate_token"": ""PLTII"", ""case_status"": """", ""requested_drawer"": null, ""from_stock"": false}, {""case_id"": ""C022"", ""hospital"": ""HTJ"", ""delivery_date"": ""28/04/2026"", ""surgery_date"": """", ""raw_plate_token"": ""PLTII"", ""case_status"": """", ""requested_drawer"": null, ""from_stock"": true}]","[{""case_id"": ""C011"", ""hospital"": ""HTAN"", ""delivery_date"": ""01/05/2026"", ""surgery_date"": """", ""raw_plate_token"": ""PLTII"", ""case_status"": """", ""requested_drawer"": null, ""from_stock"": false}]"
PLTII,VA 4.5/5.0mm Proximal Lateral Tibia Plates II,"4.5mm, 5.0mm",STANDARD,STOCK,,[],0,0,2,0/2,OUT OF STOCK,"[{""case_id"": ""C002"", ""hospital"": ""SENTOSASPECIALISTHOSPITAL."", ""delivery_date"": ""01/05/2026"", ""surgery_date"": ""01/05/2026"", ""raw_plate_token"": ""PLTII"", ""case_status"": """", ""requested_drawer"": null, ""from_stock"": false}, {""case_id"": ""C011"", ""hospital"": ""HTAN"", ""delivery_date"": ""01/05/2026"", ""surgery_date"": """", ""raw_plate_token"": ""PLTII"", ""case_status"": """", ""requested_drawer"": null, ""from_stock"": false}, {""case_id"": ""C022"", ""hospital"": ""HTJ"", ""delivery_date"": ""28/04/2026"", ""surgery_date"": """", ""raw_plate_token"": ""PLTII"", ""case_status"": """", ""requested_drawer"": null, ""from_stock"": true}]","[{""case_id"": ""C022"", ""hospital"": ""HTJ"", ""delivery_date"": ""28/04/2026"", ""surgery_date"": """", ""raw_plate_token"": ""PLTII"", ""case_status"": """", ""requested_drawer"": null, ""from_stock"": true}]"
PMT,VA 4.5/5.0mm Proximal Medial Tibia Plates,"4.5mm, 5.0mm",STANDARD,D5,"4H L, 5H L, 6H L, 6H R, 5H R, 4H R","[{""label"": ""4H L"", ""size_range"": ""STANDARD"", ""no_stock"": false}, {""label"": ""5H L"", ""size_range"": ""STANDARD"", ""no_stock"": false}, {""label"": ""6H L"", ""size_range"": ""STANDARD"", ""no_stock"": false}, {""label"": ""6H R"", ""size_range"": ""STANDARD"", ""no_stock"": false}, {""label"": ""5H R"", ""size_range"": ""STANDARD"", ""no_stock"": false}, {""label"": ""4H R"", ""size_range"": ""STANDARD"", ""no_stock"": false}]",6,0,2,0/2,OUT OF STOCK,"[{""case_id"": ""C002"", ""hospital"": ""SENTOSASPECIALISTHOSPITAL."", ""delivery_date"": ""01/05/2026"", ""surgery_date"": ""01/05/2026"", ""raw_plate_token"": ""PMT"", ""case_status"": """", ""requested_drawer"": null, ""from_stock"": false}, {""case_id"": ""C011"", ""hospital"": ""HTAN"", ""delivery_date"": ""01/05/2026"", ""surgery_date"": """", ""raw_plate_token"": ""PMT"", ""case_status"": """", ""requested_drawer"": null, ""from_stock"": false}, {""case_id"": ""C022"", ""hospital"": ""HTJ"", ""delivery_date"": ""28/04/2026"", ""surgery_date"": """", ""raw_plate_token"": ""PMT"", ""case_status"": """", ""requested_drawer"": null, ""from_stock"": true}]","[{""case_id"": ""C002"", ""hospital"": ""SENTOSASPECIALISTHOSPITAL."", ""delivery_date"": ""01/05/2026"", ""surgery_date"": ""01/05/2026"", ""raw_plate_token"": ""PMT"", ""case_status"": """", ""requested_drawer"": null, ""from_stock"": false}]"
PMT,VA 4.5/5.0mm Proximal Medial Tibia Plates,"4.5mm, 5.0mm",STANDARD,D6,"4H L, 5H L, 6H L, 6H R, 5H R, 4H R","[{""label"": ""4H L"", ""size_range"": ""STANDARD"", ""no_stock"": false}, {""label"": ""5H L"", ""size_range"": ""STANDARD"", ""no_stock"": false}, {""label"": ""6H L"", ""size_range"": ""STANDARD"", ""no_stock"": false}, {""label"": ""6H R"", ""size_range"": ""STANDARD"", ""no_stock"": false}, {""label"": ""5H R"", ""size_range"": ""STANDARD"", ""no_stock"": false}, {""label"": ""4H R"", ""size_range"": ""STANDARD"", ""no_stock"": false}]",6,0,2,0/2,OUT OF STOCK,"[{""case_id"": ""C002"", ""hospital"": ""SENTOSASPECIALISTHOSPITAL."", ""delivery_date"": ""01/05/2026"", ""surgery_date"": ""01/05/2026"", ""raw_plate_token"": ""PMT"", ""case_status"": """", ""requested_drawer"": null, ""from_stock"": false}, {""case_id"": ""C011"", ""hospital"": ""HTAN"", ""delivery_date"": ""01/05/2026"", ""surgery_date"": """", ""raw_plate_token"": ""PMT"", ""case_status"": """", ""requested_drawer"": null, ""from_stock"": false}, {""case_id"": ""C022"", ""hospital"": ""HTJ"", ""delivery_date"": ""28/04/2026"", ""surgery_date"": """", ""raw_plate_token"": ""PMT"", ""case_status"": """", ""requested_drawer"": null, ""from_stock"": true}]","[{""case_id"": ""C011"", ""hospital"": ""HTAN"", ""delivery_date"": ""01/05/2026"", ""surgery_date"": """", ""raw_plate_token"": ""PMT"", ""case_status"": """", ""requested_drawer"": null, ""from_stock"": false}]"
PMT,VA 4.5/5.0mm Proximal Medial Tibia Plates,"4.5mm, 5.0mm",STANDARD,STOCK,,[],0,0,2,0/2,OUT OF STOCK,"[{""case_id"": ""C002"", ""hospital"": ""SENTOSASPECIALISTHOSPITAL."", ""delivery_date"": ""01/05/2026"", ""surgery_date"": ""01/05/2026"", ""raw_plate_token"": ""PMT"", ""case_status"": """", ""requested_drawer"": null, ""from_stock"": false}, {""case_id"": ""C011"", ""hospital"": ""HTAN"", ""delivery_date"": ""01/05/2026"", ""surgery_date"": """", ""raw_plate_token"": ""PMT"", ""case_status"": """", ""requested_drawer"": null, ""from_stock"": false}, {""case_id"": ""C022"", ""hospital"": ""HTJ"", ""delivery_date"": ""28/04/2026"", ""surgery_date"": """", ""raw_plate_token"": ""PMT"", ""case_status"": """", ""requested_drawer"": null, ""from_stock"": true}]","[{""case_id"": ""C022"", ""hospital"": ""HTJ"", ""delivery_date"": ""28/04/2026"", ""surgery_date"": """", ""raw_plate_token"": ""PMT"", ""case_status"": """", ""requested_drawer"": null, ""from_stock"": true}]"
PMT,VA 4.5/5.0mm Proximal Medial Tibia Plates,"4.5mm, 5.0mm",LONG,D5,"8H L, 10H L, 10H R, 8H R","[{""label"": ""8H L"", ""size_range"": ""LONG"", ""no_stock"": false}, {""label"": ""10H L"", ""size_range"": ""LONG"", ""no_stock"": false}, {""label"": ""10H R"", ""size_range"": ""LONG"", ""no_stock"": false}, {""label"": ""8H R"", ""size_range"": ""LONG"", ""no_stock"": false}]",4,1,1,1/1,READY,[],[]
PPMT,VA 3.5mm Posteromedial Proximal Tibia Plates,3.5mm,STANDARD,D1,"2H, 4H, 6H","[{""label"": ""2H"", ""size_range"": ""STANDARD"", ""no_stock"": false}, {""label"": ""4H"", ""size_range"": ""STANDARD"", ""no_stock"": false}, {""label"": ""6H"", ""size_range"": ""STANDARD"", ""no_stock"": false}]",3,0,2,0/2,OUT OF STOCK,"[{""case_id"": ""C002"", ""hospital"": ""SENTOSASPECIALISTHOSPITAL."", ""delivery_date"": ""01/05/2026"", ""surgery_date"": ""01/05/2026"", ""raw_plate_token"": ""PPMT"", ""case_status"": """", ""requested_drawer"": null, ""from_stock"": false}, {""case_id"": ""C011"", ""hospital"": ""HTAN"", ""delivery_date"": ""01/05/2026"", ""surgery_date"": """", ""raw_plate_token"": ""PPMT"", ""case_status"": """", ""requested_drawer"": null, ""from_stock"": false}]","[{""case_id"": ""C002"", ""hospital"": ""SENTOSASPECIALISTHOSPITAL."", ""delivery_date"": ""01/05/2026"", ""surgery_date"": ""01/05/2026"", ""raw_plate_token"": ""PPMT"", ""case_status"": """", ""requested_drawer"": null, ""from_stock"": false}]"
PPMT,VA 3.5mm Posteromedial Proximal Tibia Plates,3.5mm,STANDARD,D3,"2H, 4H, 6H","[{""label"": ""2H"", ""size_range"": ""STANDARD"", ""no_stock"": false}, {""label"": ""4H"", ""size_range"": ""STANDARD"", ""no_stock"": false}, {""label"": ""6H"", ""size_range"": ""STANDARD"", ""no_stock"": false}]",3,0,2,0/2,OUT OF STOCK,"[{""case_id"": ""C002"", ""hospital"": ""SENTOSASPECIALISTHOSPITAL."", ""delivery_date"": ""01/05/2026"", ""surgery_date"": ""01/05/2026"", ""raw_plate_token"": ""PPMT"", ""case_status"": """", ""requested_drawer"": null, ""from_stock"": false}, {""case_id"": ""C011"", ""hospital"": ""HTAN"", ""delivery_date"": ""01/05/2026"", ""surgery_date"": """", ""raw_plate_token"": ""PPMT"", ""case_status"": """", ""requested_drawer"": null, ""from_stock"": false}]","[{""case_id"": ""C011"", ""hospital"": ""HTAN"", ""delivery_date"": ""01/05/2026"", ""surgery_date"": """", ""raw_plate_token"": ""PPMT"", ""case_status"": """", ""requested_drawer"": null, ""from_stock"": false}]"
RECON,VA 3.5mm Reconstruction Plate,3.5mm,STANDARD,D1,"6H, 7H, 8H, 9H, 10H","[{""label"": ""6H"", ""size_range"": ""STANDARD"", ""no_stock"": false}, {""label"": ""7H"", ""size_range"": ""STANDARD"", ""no_stock"": false}, {""label"": ""8H"", ""size_range"": ""STANDARD"", ""no_stock"": false}, {""label"": ""9H"", ""size_range"": ""STANDARD"", ""no_stock"": false}, {""label"": ""10H"", ""size_range"": ""STANDARD"", ""no_stock"": false}]",5,3,3,3/3,READY,[],[]
RECON,VA 3.5mm Reconstruction Plate,3.5mm,STANDARD,D2,"6H, 7H, 8H, 9H, 10H","[{""label"": ""6H"", ""size_range"": ""STANDARD"", ""no_stock"": false}, {""label"": ""7H"", ""size_range"": ""STANDARD"", ""no_stock"": false}, {""label"": ""8H"", ""size_range"": ""STANDARD"", ""no_stock"": false}, {""label"": ""9H"", ""size_range"": ""STANDARD"", ""no_stock"": false}, {""label"": ""10H"", ""size_range"": ""STANDARD"", ""no_stock"": false}]",5,3,3,3/3,READY,[],[]
RECON,VA 3.5mm Reconstruction Plate,3.5mm,STANDARD,D3,"6H, 7H, 8H, 9H, 10H","[{""label"": ""6H"", ""size_range"": ""STANDARD"", ""no_stock"": false}, {""label"": ""7H"", ""size_range"": ""STANDARD"", ""no_stock"": false}, {""label"": ""8H"", ""size_range"": ""STANDARD"", ""no_stock"": false}, {""label"": ""9H"", ""size_range"": ""STANDARD"", ""no_stock"": false}, {""label"": ""10H"", ""size_range"": ""STANDARD"", ""no_stock"": false}]",5,3,3,3/3,READY,[],[]
RECON,VA 3.5mm Reconstruction Plate,3.5mm,LONG,D1,"12H, 14H, 16H","[{""label"": ""12H"", ""size_range"": ""LONG"", ""no_stock"": false}, {""label"": ""14H"", ""size_range"": ""LONG"", ""no_stock"": false}, {""label"": ""16H"", ""size_range"": ""LONG"", ""no_stock"": false}]",3,3,3,3/3,READY,[],[]
RECON,VA 3.5mm Reconstruction Plate,3.5mm,LONG,D2,"12H, 14H, 16H","[{""label"": ""12H"", ""size_range"": ""LONG"", ""no_stock"": false}, {""label"": ""14H"", ""size_range"": ""LONG"", ""no_stock"": false}, {""label"": ""16H"", ""size_range"": ""LONG"", ""no_stock"": false}]",3,3,3,3/3,READY,[],[]
RECON,VA 3.5mm Reconstruction Plate,3.5mm,LONG,D3,"12H, 14H, 16H","[{""label"": ""12H"", ""size_range"": ""LONG"", ""no_stock"": false}, {""label"": ""14H"", ""size_range"": ""LONG"", ""no_stock"": false}, {""label"": ""16H"", ""size_range"": ""LONG"", ""no_stock"": false}]",3,3,3,3/3,READY,[],[]
TSP,VA 5.0mm Tibia Straight Plates,5.0mm,STANDARD,D5,"6H, 7H, 8H, 9H, 10H","[{""label"": ""6H"", ""size_range"": ""STANDARD"", ""no_stock"": false}, {""label"": ""7H"", ""size_range"": ""STANDARD"", ""no_stock"": false}, {""label"": ""8H"", ""size_range"": ""STANDARD"", ""no_stock"": false}, {""label"": ""9H"", ""size_range"": ""STANDARD"", ""no_stock"": false}, {""label"": ""10H"", ""size_range"": ""STANDARD"", ""no_stock"": false}]",5,2,2,2/2,READY,[],[]
TSP,VA 5.0mm Tibia Straight Plates,5.0mm,STANDARD,D6,"6H, 7H, 8H, 9H, 10H","[{""label"": ""6H"", ""size_range"": ""STANDARD"", ""no_stock"": false}, {""label"": ""7H"", ""size_range"": ""STANDARD"", ""no_stock"": false}, {""label"": ""8H"", ""size_range"": ""STANDARD"", ""no_stock"": false}, {""label"": ""9H"", ""size_range"": ""STANDARD"", ""no_stock"": false}, {""label"": ""10H"", ""size_range"": ""STANDARD"", ""no_stock"": false}]",5,2,2,2/2,READY,[],[]
TSP,VA 5.0mm Tibia Straight Plates,5.0mm,LONG,D5,"11H, 12H","[{""label"": ""11H"", ""size_range"": ""LONG"", ""no_stock"": false}, {""label"": ""12H"", ""size_range"": ""LONG"", ""no_stock"": false}]",2,1,1,1/1,READY,[],[]
TSP,VA 5.0mm Tibia Straight Plates,5.0mm,EXTRA LONG,D5,14H,"[{""label"": ""14H"", ""size_range"": ""EXTRA LONG"", ""no_stock"": false}]",1,1,1,1/1,READY,[],[]
TUBULAR,VA 3.5mm 1/3 Tubular Plates,"3.5mm, 3.5mm, 4.5mm, 5.0mm",STANDARD,D1,"6H, 7H, 8H, 9H, 10H","[{""label"": ""6H"", ""size_range"": ""STANDARD"", ""no_stock"": false}, {""label"": ""7H"", ""size_range"": ""STANDARD"", ""no_stock"": false}, {""label"": ""8H"", ""size_range"": ""STANDARD"", ""no_stock"": false}, {""label"": ""9H"", ""size_range"": ""STANDARD"", ""no_stock"": false}, {""label"": ""10H"", ""size_range"": ""STANDARD"", ""no_stock"": false}]",5,2,3,2/3,PARTIAL,"[{""case_id"": ""C009"", ""hospital"": ""PPUM"", ""delivery_date"": ""02/05/2026"", ""surgery_date"": """", ""raw_plate_token"": ""TUBULAR"", ""case_status"": """", ""requested_drawer"": null, ""from_stock"": false}]","[{""case_id"": ""C009"", ""hospital"": ""PPUM"", ""delivery_date"": ""02/05/2026"", ""surgery_date"": """", ""raw_plate_token"": ""TUBULAR"", ""case_status"": """", ""requested_drawer"": null, ""from_stock"": false}]"
TUBULAR,VA 3.5mm 1/3 Tubular Plates,"3.5mm, 3.5mm, 4.5mm, 5.0mm",STANDARD,D2,"6H, 7H, 8H, 9H, 10H","[{""label"": ""6H"", ""size_range"": ""STANDARD"", ""no_stock"": false}, {""label"": ""7H"", ""size_range"": ""STANDARD"", ""no_stock"": false}, {""label"": ""8H"", ""size_range"": ""STANDARD"", ""no_stock"": false}, {""label"": ""9H"", ""size_range"": ""STANDARD"", ""no_stock"": false}, {""label"": ""10H"", ""size_range"": ""STANDARD"", ""no_stock"": false}]",5,2,3,2/3,PARTIAL,"[{""case_id"": ""C009"", ""hospital"": ""PPUM"", ""delivery_date"": ""02/05/2026"", ""surgery_date"": """", ""raw_plate_token"": ""TUBULAR"", ""case_status"": """", ""requested_drawer"": null, ""from_stock"": false}]",[]
TUBULAR,VA 3.5mm 1/3 Tubular Plates,"3.5mm, 3.5mm, 4.5mm, 5.0mm",STANDARD,D3,"6H, 7H, 8H, 9H, 10H","[{""label"": ""6H"", ""size_range"": ""STANDARD"", ""no_stock"": false}, {""label"": ""7H"", ""size_range"": ""STANDARD"", ""no_stock"": false}, {""label"": ""8H"", ""size_range"": ""STANDARD"", ""no_stock"": false}, {""label"": ""9H"", ""size_range"": ""STANDARD"", ""no_stock"": false}, {""label"": ""10H"", ""size_range"": ""STANDARD"", ""no_stock"": false}]",5,2,3,2/3,PARTIAL,"[{""case_id"": ""C009"", ""hospital"": ""PPUM"", ""delivery_date"": ""02/05/2026"", ""surgery_date"": """", ""raw_plate_token"": ""TUBULAR"", ""case_status"": """", ""requested_drawer"": null, ""from_stock"": false}]",[]
TUBULAR,VA 3.5mm 1/3 Tubular Plates,3.5mm,LONG,D1,"12H, 14H","[{""label"": ""12H"", ""size_range"": ""LONG"", ""no_stock"": false}, {""label"": ""14H"", ""size_range"": ""LONG"", ""no_stock"": false}]",2,3,3,3/3,READY,[],[]
TUBULAR,VA 3.5mm 1/3 Tubular Plates,3.5mm,LONG,D2,"12H, 14H","[{""label"": ""12H"", ""size_range"": ""LONG"", ""no_stock"": false}, {""label"": ""14H"", ""size_range"": ""LONG"", ""no_stock"": false}]",2,3,3,3/3,READY,[],[]
TUBULAR,VA 3.5mm 1/3 Tubular Plates,3.5mm,LONG,D3,"12H, 14H","[{""label"": ""12H"", ""size_range"": ""LONG"", ""no_stock"": false}, {""label"": ""14H"", ""size_range"": ""LONG"", ""no_stock"": false}]",2,3,3,3/3,READY,[],[]
URS,VA 3.5mm Ulna Radius Straight Plates,3.5mm,STANDARD,D1,"6H, 7H, 8H, 9H, 10H","[{""label"": ""6H"", ""size_range"": ""STANDARD"", ""no_stock"": false}, {""label"": ""7H"", ""size_range"": ""STANDARD"", ""no_stock"": false}, {""label"": ""8H"", ""size_range"": ""STANDARD"", ""no_stock"": false}, {""label"": ""9H"", ""size_range"": ""STANDARD"", ""no_stock"": false}, {""label"": ""10H"", ""size_range"": ""STANDARD"", ""no_stock"": false}]",5,2,3,2/3,PARTIAL,"[{""case_id"": ""C018"", ""hospital"": ""PARKCITYMEDICALCENTRE"", ""delivery_date"": ""30/04/2026"", ""surgery_date"": ""30/04/2026"", ""raw_plate_token"": ""URS"", ""case_status"": """", ""requested_drawer"": null, ""from_stock"": false}]","[{""case_id"": ""C018"", ""hospital"": ""PARKCITYMEDICALCENTRE"", ""delivery_date"": ""30/04/2026"", ""surgery_date"": ""30/04/2026"", ""raw_plate_token"": ""URS"", ""case_status"": """", ""requested_drawer"": null, ""from_stock"": false}]"
URS,VA 3.5mm Ulna Radius Straight Plates,3.5mm,STANDARD,D2,"6H, 7H, 8H, 9H, 10H","[{""label"": ""6H"", ""size_range"": ""STANDARD"", ""no_stock"": false}, {""label"": ""7H"", ""size_range"": ""STANDARD"", ""no_stock"": false}, {""label"": ""8H"", ""size_range"": ""STANDARD"", ""no_stock"": false}, {""label"": ""9H"", ""size_range"": ""STANDARD"", ""no_stock"": false}, {""label"": ""10H"", ""size_range"": ""STANDARD"", ""no_stock"": false}]",5,2,3,2/3,PARTIAL,"[{""case_id"": ""C018"", ""hospital"": ""PARKCITYMEDICALCENTRE"", ""delivery_date"": ""30/04/2026"", ""surgery_date"": ""30/04/2026"", ""raw_plate_token"": ""URS"", ""case_status"": """", ""requested_drawer"": null, ""from_stock"": false}]",[]
URS,VA 3.5mm Ulna Radius Straight Plates,3.5mm,STANDARD,D3,"6H, 7H, 8H, 9H, 10H","[{""label"": ""6H"", ""size_range"": ""STANDARD"", ""no_stock"": false}, {""label"": ""7H"", ""size_range"": ""STANDARD"", ""no_stock"": false}, {""label"": ""8H"", ""size_range"": ""STANDARD"", ""no_stock"": false}, {""label"": ""9H"", ""size_range"": ""STANDARD"", ""no_stock"": false}, {""label"": ""10H"", ""size_range"": ""STANDARD"", ""no_stock"": false}]",5,2,3,2/3,PARTIAL,"[{""case_id"": ""C018"", ""hospital"": ""PARKCITYMEDICALCENTRE"", ""delivery_date"": ""30/04/2026"", ""surgery_date"": ""30/04/2026"", ""raw_plate_token"": ""URS"", ""case_status"": """", ""requested_drawer"": null, ""from_stock"": false}]",[]
URS,VA 3.5mm Ulna Radius Straight Plates,3.5mm,LONG,D1,"12H, 14H","[{""label"": ""12H"", ""size_range"": ""LONG"", ""no_stock"": false}, {""label"": ""14H"", ""size_range"": ""LONG"", ""no_stock"": false}]",2,1,1,1/1,READY,[],[]
